report_category,product_name,name,num,part,count,timestamp
影片連結失效/錯誤,電視連續劇,First Class,10,1,1,2014-10-15
影片連結失效/錯誤,電視連續劇,"有愛一家人 ",60,1,1,2014-10-15
影片連結失效/錯誤,電視連續劇,"多謝款待 ",36,1,1,2014-10-15
影片連結失效/錯誤,電視連續劇,誘惑,6,2,1,2014-10-15
影片連結失效/錯誤,電視連續劇,宮鎖連城,39,1,1,2014-10-15
影片連結失效/錯誤,電視連續劇,對我而言可愛的她,8,1,1,2014-10-15
影片連結失效/錯誤,電視連續劇,沒關係 是愛情啊,1,1,1,2014-10-15
影片連結失效/錯誤,電視連續劇,"愛情雨 ",5,1,2,2014-10-14
影片連結失效/錯誤,電視連續劇,戀愛的發現,9,1,1,2014-10-14
影片連結失效/錯誤,電視連續劇,無盡的愛,33,1,1,2014-10-13
影片連結失效/錯誤,電視連續劇,艋舺的女人,43,1,1,2014-10-12
影片連結失效/錯誤,電視連續劇,對我而言可愛的她,8,2,1,2014-10-12
影片連結失效/錯誤,電視連續劇,"擁抱太陽的月亮 ",9,5,1,2014-10-11
影片連結失效/錯誤,電視連續劇,"歡迎來到萬事占卜陰陽屋 ",4,1,1,2014-10-11
影片連結失效/錯誤,電視連續劇,鋼鐵人,4,1,1,2014-10-11
影片連結失效/錯誤,電視連續劇,"你為我著迷 ",1,3,1,2014-10-11
影片連結失效/錯誤,電視連續劇,"安堂機器人 ",4,1,1,2014-10-11
影片連結失效/錯誤,電視連續劇,"擁抱太陽的月亮 ",7,5,1,2014-10-11
影片連結失效/錯誤,電視連續劇,風水世家,302,1,1,2014-10-11
影片連結失效/錯誤,電視連續劇,我們結婚了世界版第二季,4,2,1,2014-10-11
影片連結失效/錯誤,電視連續劇,Running Man,212,1,1,2014-10-11
影片連結失效/錯誤,電視連續劇,妹妹,5,5,1,2014-10-11
影片連結失效/錯誤,電視連續劇,異鄉人醫生(愛在異鄉),4,1,1,2014-10-11
影片連結失效/錯誤,電視連續劇,命中注定我愛你,1,1,1,2014-10-11
影片連結失效/錯誤,電視連續劇,妹妹,6,6,1,2014-10-11
影片連結失效/錯誤,電視連續劇,Running Man,18,1,1,2014-10-10
影片連結失效/錯誤,電視連續劇,Running Man,17,2,1,2014-10-10
影片連結失效/錯誤,電視連續劇,喬家大院,42,1,1,2014-10-10
影片連結失效/錯誤,電視連續劇,Running Man,21,2,1,2014-10-10
影片連結失效/錯誤,電視連續劇,中國好聲音 第三季,13,1,1,2014-10-10
影片連結失效/錯誤,電視連續劇,"真愛趁現在 ",14,4,1,2014-10-10
影片連結失效/錯誤,電視連續劇,中國好聲音 第三季,14,1,1,2014-10-10
影片連結失效/錯誤,電視連續劇,不一樣的美男子,1,1,1,2014-10-10
影片連結失效/錯誤,電視連續劇,謊言遊戲,1,2,1,2014-10-10
影片連結失效/錯誤,電視連續劇,命中注定我愛你,19,1,1,2014-10-10
影片連結失效/錯誤,電視連續劇,喬家大院,44,1,1,2014-10-10
影片連結失效/錯誤,電視連續劇,中國好聲音 第三季,14,1,1,2014-10-09
影片連結失效/錯誤,電視連續劇,妹妹,8,1,1,2014-10-09
影片連結失效/錯誤,電視連續劇,"再一次心跳 ",3,1,1,2014-10-09
影片連結失效/錯誤,電視連續劇,沒關係 是愛情啊,3,1,1,2014-10-09
影片連結失效/錯誤,電視連續劇,"繼承者們 ",15,1,1,2014-10-09
影片連結失效/錯誤,電視連續劇,"世間情 ",228,1,1,2014-10-09
影片連結失效/錯誤,電視連續劇,對我而言可愛的她,5,1,1,2014-10-09
影片連結失效/錯誤,電視連續劇,芙蓉閣之戀 (新妓生傳),52,1,1,2014-10-09
影片連結失效/錯誤,電視連續劇,異鄉人醫生(愛在異鄉),5,1,1,2014-10-08
影片連結失效/錯誤,電視連續劇,Roommate,10,1,1,2014-10-08
影片連結失效/錯誤,電視連續劇,罪人的謊言,5,1,1,2014-10-08
影片連結失效/錯誤,電視連續劇,艋舺的女人,1,1,1,2014-10-08
影片連結失效/錯誤,電視連續劇,古劍奇譚,15,1,1,2014-10-08
影片連結失效/錯誤,電視連續劇,異鄉人醫生(愛在異鄉),1,1,1,2014-10-08
影片連結失效/錯誤,電視連續劇,對我而言可愛的她,1,1,1,2014-10-08
影片連結失效/錯誤,電視連續劇,"城市獵人 ",4,2,1,2014-10-08
影片連結失效/錯誤,電視連續劇,"命中註定我愛你 ",15,1,1,2014-10-08
影片連結失效/錯誤,電視連續劇,戀愛的發現,15,1,3,2014-10-07
影片連結失效/錯誤,電視連續劇,中國好聲音 第三季,14,1,1,2014-10-07
影片連結失效/錯誤,電視連續劇,無盡的愛,30,1,1,2014-10-07
影片連結失效/錯誤,電視連續劇,誘惑,13,2,1,2014-10-07
影片連結失效/錯誤,電視連續劇,酒店之王,24,2,1,2014-10-07
影片連結失效/錯誤,電視連續劇,"個人取向 ",14,2,1,2014-10-07
影片連結失效/錯誤,電視連續劇,媽媽,19,1,1,2014-10-06
影片連結失效/錯誤,電視連續劇,中國好聲音 第三季,14,1,1,2014-10-06
影片連結失效/錯誤,電視連續劇,"仁顯王后的男人 ",16,1,1,2014-10-06
影片連結失效/錯誤,電視連續劇,"愛情雨 ",7,2,1,2014-10-06
影片連結失效/錯誤,電視連續劇,"信義(神醫) ",7,2,1,2014-10-06
影片連結失效/錯誤,電視連續劇,"愛情雨 ",20,1,1,2014-10-06
影片連結失效/錯誤,電視連續劇,爸爸去哪兒 第二季,13,1,1,2014-10-06
影片連結失效/錯誤,電視連續劇,First Class,3,1,1,2014-10-05
影片連結失效/錯誤,電視連續劇,爸爸去哪兒 第二季,13,1,1,2014-10-05
影片連結失效/錯誤,電視連續劇,"王牌大律師 ",5,2,1,2014-10-05
影片連結失效/錯誤,電視連續劇,Roommate 2,1,1,1,2014-10-05
影片連結失效/錯誤,電視連續劇,不要戀愛要結婚,9,2,1,2014-10-05
影片連結失效/錯誤,電視連續劇,"愛情雨 ",11,5,1,2014-10-05
影片連結失效/錯誤,電視連續劇,爸爸去哪兒 第二季,15,1,1,2014-10-05
影片連結失效/錯誤,電視連續劇,戀愛的發現,14,1,1,2014-10-05
影片連結失效/錯誤,電視連續劇,"愛情雨 ",7,2,1,2014-10-05
影片連結失效/錯誤,電視連續劇,"聽見你的聲音 ",1,1,1,2014-10-04
影片連結失效/錯誤,電視連續劇,愛上兩個我,2,1,1,2014-10-04
影片連結失效/錯誤,電視連續劇,HERO 2,12,1,1,2014-10-04
影片連結失效/錯誤,電視連續劇,爸爸我們去哪兒 第二季(韓),16,2,1,2014-10-04
影片連結失效/錯誤,電視連續劇,沒關係 是愛情啊,13,1,1,2014-10-04
影片連結失效/錯誤,電視連續劇,"暴力羅曼史 ",2,2,1,2014-10-04
影片連結失效/錯誤,電視連續劇,"奇皇后 ",13,1,1,2014-10-04
影片連結失效/錯誤,電視連續劇,"暴力羅曼史 ",5,2,1,2014-10-04
影片連結失效/錯誤,電視連續劇,妹妹,8,2,1,2014-10-04
影片連結失效/錯誤,電視連續劇,"大長今 ",53,1,1,2014-10-04
影片連結失效/錯誤,電視連續劇,"最佳愛情 ",12,1,1,2014-10-04
影片連結失效/錯誤,電視連續劇,產科醫生,2,1,1,2014-10-04
影片連結失效/錯誤,電視連續劇,"暴力羅曼史 ",5,1,1,2014-10-04
影片連結失效/錯誤,電視連續劇,Roommate,7,2,2,2014-10-03
影片連結失效/錯誤,電視連續劇,黃真伊,7,1,1,2014-10-03
影片連結失效/錯誤,電視連續劇,Running Man,21,2,1,2014-10-03
影片連結失效/錯誤,電視連續劇,我和明星的99天,2,1,1,2014-10-03
影片連結失效/錯誤,電視連續劇,戀愛的發現,14,1,1,2014-10-03
影片連結失效/錯誤,電視連續劇,心懷叵測的恢單女,3,2,1,2014-10-03
影片連結失效/錯誤,電視連續劇,巡夜人日誌(更夫日誌),7,1,1,2014-10-03
影片連結失效/錯誤,電視連續劇,"暴力羅曼史 ",2,1,1,2014-10-03
影片連結失效/錯誤,電視連續劇,"咱們結婚吧 ",1,1,1,2014-10-03
影片連結失效/錯誤,電視連續劇,對我而言可愛的她,1,1,1,2014-10-03
影片連結失效/錯誤,電視連續劇,Running Man,214,2,1,2014-10-03
影片連結失效/錯誤,電視連續劇,最佳的婚姻,1,1,1,2014-10-03
影片連結失效/錯誤,電視連續劇,沒關係 是愛情啊,4,1,1,2014-10-03
影片連結失效/錯誤,電視連續劇,黃真伊,18,1,1,2014-10-03
影片連結失效/錯誤,電視連續劇,巡夜人日誌(更夫日誌),16,1,1,2014-10-03
影片連結失效/錯誤,電視連續劇,我們結婚了世界版第二季,7,2,1,2014-10-03
影片連結失效/錯誤,電視連續劇,無法放任不管的魔女們,8,1,1,2014-10-03
影片連結失效/錯誤,電視連續劇,Running Man,21,2,1,2014-10-02
影片連結失效/錯誤,電視連續劇,"奇皇后 ",15,3,1,2014-10-02
影片連結失效/錯誤,電視連續劇,"愛情雨 ",7,2,1,2014-10-02
影片連結失效/錯誤,電視連續劇,"有愛一家人 ",72,1,1,2014-10-02
影片連結失效/錯誤,電視連續劇,"繼承者們 ",15,1,1,2014-10-02
影片連結失效/錯誤,電視連續劇,沒關係 是愛情啊,5,1,1,2014-10-02
影片連結失效/錯誤,電視連續劇,戀愛的發現,14,1,1,2014-10-02
影片連結失效/錯誤,電視連續劇,"世間情 ",1,1,1,2014-10-02
影片連結失效/錯誤,電視連續劇,流星,6,1,1,2014-10-02
影片連結失效/錯誤,電視連續劇,"繼承者們 ",20,1,1,2014-10-02
影片連結失效/錯誤,電視連續劇,怪談 三島屋奇異百物語,5,1,1,2014-10-02
影片連結失效/錯誤,電視連續劇,Roommate,7,2,1,2014-10-02
影片連結失效/錯誤,電視連續劇,中國好聲音 第三季,2,1,1,2014-10-01
影片連結失效/錯誤,電視連續劇,幸福兌換券,12,1,1,2014-10-01
影片連結失效/錯誤,電視連續劇,"孤戀花(思慕的人) ",17,1,1,2014-10-01
影片連結失效/錯誤,電視連續劇,"繼承者們 ",15,1,1,2014-10-01
影片連結失效/錯誤,電視連續劇,怪談 三島屋奇異百物語,5,1,1,2014-10-01
影片連結失效/錯誤,電視連續劇,"愛情雨 ",7,1,1,2014-10-01
影片連結失效/錯誤,電視連續劇,戀愛的發現,14,1,1,2014-10-01
影片連結失效/錯誤,電視連續劇,再來,4,1,1,2014-10-01
影片連結失效/錯誤,電視連續劇,愛上兩個我,1,2,1,2014-10-01
影片連結失效/錯誤,電視連續劇,上流俗女(真愛遇到他),9,1,1,2014-10-01
影片連結失效/錯誤,電視連續劇,Running Man,19,2,1,2014-09-30
影片連結失效/錯誤,電視連續劇,Roommate,5,1,1,2014-09-30
影片連結失效/錯誤,電視連續劇,愛上兩個我,1,1,1,2014-09-30
影片連結失效/錯誤,電視連續劇,沒關係 是愛情啊,1,1,1,2014-09-30
影片連結失效/錯誤,電視連續劇,雨後驕陽,1,1,1,2014-09-30
影片連結失效/錯誤,電視連續劇,怪談 三島屋奇異百物語,5,1,2,2014-09-29
影片連結失效/錯誤,電視連續劇,Running Man,21,2,1,2014-09-29
影片連結失效/錯誤,電視連續劇,"我的完美男人 ",10,1,1,2014-09-29
影片連結失效/錯誤,電視連續劇,怪談 三島屋奇異百物語,3,1,1,2014-09-29
影片連結失效/錯誤,電視連續劇,Roommate,3,2,1,2014-09-29
影片連結失效/錯誤,電視連續劇,PMAM之美好偵探社,18,1,1,2014-09-29
影片連結失效/錯誤,電視連續劇,爸爸去哪兒 第二季,15,1,1,2014-09-29
影片連結失效/錯誤,電視連續劇,"個人取向 ",4,1,1,2014-09-29
影片連結失效/錯誤,電視連續劇,Running Man,12,2,1,2014-09-28
影片連結失效/錯誤,電視連續劇,"家政婦三田(家政婦女王) ",3,1,1,2014-09-28
影片連結失效/錯誤,電視連續劇,Running Man,4,2,1,2014-09-28
影片連結失效/錯誤,電視連續劇,"王牌大律師 ",2,1,1,2014-09-28
影片連結失效/錯誤,電視連續劇,"我的女友是九尾狐 ",6,1,1,2014-09-28
影片連結失效/錯誤,電視連續劇,新三國演義,45,1,1,2014-09-28
影片連結失效/錯誤,電視連續劇,一吻定情2014(惡作劇之吻2),1,1,1,2014-09-28
影片連結失效/錯誤,電視連續劇,爸爸去哪兒 第二季,12,1,1,2014-09-28
影片連結失效/錯誤,電視連續劇,命中注定我愛你,19,1,1,2014-09-28
影片連結失效/錯誤,電視連續劇,戀愛的發現,12,1,1,2014-09-27
影片連結失效/錯誤,電視連續劇,Running Man,102,1,1,2014-09-27
影片連結失效/錯誤,電視連續劇,"辣媽正傳 ",1,1,1,2014-09-27
影片連結失效/錯誤,電視連續劇,"Monstar ",1,2,1,2014-09-27
影片連結失效/錯誤,電視連續劇,對我而言可愛的她,3,1,2,2014-09-26
影片連結失效/錯誤,電視連續劇,幸福兌換券,11,1,1,2014-09-26
影片連結失效/錯誤,電視連續劇,"愛情雨 ",20,1,1,2014-09-26
影片連結失效/錯誤,電視連續劇,命中注定我愛你,17,1,1,2014-09-26
影片連結失效/錯誤,電視連續劇,幸福兌換券,13,1,1,2014-09-26
影片連結失效/錯誤,電視連續劇,對我而言可愛的她,3,1,9,2014-09-25
影片連結失效/錯誤,電視連續劇,"奇皇后 ",2,1,1,2014-09-25
影片連結失效/錯誤,電視連續劇,"奇皇后 ",13,1,1,2014-09-25
影片連結失效/錯誤,電視連續劇,"辣媽正傳 ",1,1,1,2014-09-25
影片連結失效/錯誤,電視連續劇,戀愛的發現,12,1,1,2014-09-25
影片連結失效/錯誤,電視連續劇,黃真伊,18,1,1,2014-09-25
影片連結失效/錯誤,電視連續劇,戀愛的發現,12,1,2,2014-09-24
影片連結失效/錯誤,電視連續劇,命中注定我愛你,20,1,1,2014-09-24
影片連結失效/錯誤,電視連續劇,命中注定我愛你,5,1,1,2014-09-24
影片連結失效/錯誤,電視連續劇,愛上兩個我,3,1,1,2014-09-24
影片連結失效/錯誤,電視連續劇,家人之間為何這樣,12,1,1,2014-09-24
影片連結失效/錯誤,電視連續劇,"你為我著迷 ",1,5,1,2014-09-24
影片連結失效/錯誤,電視連續劇,GTO麻辣教師2,2,1,1,2014-09-24
影片連結失效/錯誤,電視連續劇,爸爸去哪兒 第二季,8,1,1,2014-09-24
影片連結失效/錯誤,電視連續劇,我的女郎 (Oh My Lady),8,1,1,2014-09-24
影片連結失效/錯誤,電視連續劇,幸福兌換券,13,1,1,2014-09-24
影片連結失效/錯誤,電視連續劇,誘惑,6,1,1,2014-09-24
影片連結失效/錯誤,電視連續劇,中國好聲音 第三季,9,1,1,2014-09-24
影片連結失效/錯誤,電視連續劇,步步驚情,1,1,1,2014-09-24
影片連結失效/錯誤,電視連續劇,沒關係 是愛情啊,8,1,1,2014-09-23
影片連結失效/錯誤,電視連續劇,結婚,13,1,1,2014-09-23
影片連結失效/錯誤,電視連續劇,中國好聲音 第三季,9,1,1,2014-09-23
影片連結失效/錯誤,電視連續劇,再說一次我願意,5,1,1,2014-09-23
影片連結失效/錯誤,電視連續劇,結婚,16,1,1,2014-09-23
影片連結失效/錯誤,電視連續劇,"奇皇后 ",13,1,1,2014-09-23
影片連結失效/錯誤,電視連續劇,罪人的謊言,2,1,1,2014-09-23
影片連結失效/錯誤,電視連續劇,艋舺的女人,1,1,1,2014-09-23
影片連結失效/錯誤,電視連續劇,我們可以相愛嗎,12,1,1,2014-09-23
影片連結失效/錯誤,電視連續劇,沒關係 是愛情啊,8,1,1,2014-09-22
影片連結失效/錯誤,電視連續劇,沒關係 是愛情啊,11,1,1,2014-09-22
影片連結失效/錯誤,電視連續劇,中國好聲音 第三季,10,1,3,2014-09-21
影片連結失效/錯誤,電視連續劇,中國好聲音 第三季,9,1,2,2014-09-21
影片連結失效/錯誤,電視連續劇,爸爸去哪兒 第二季,13,1,2,2014-09-21
影片連結失效/錯誤,電視連續劇,爸爸去哪兒 第二季,14,1,1,2014-09-21
影片連結失效/錯誤,電視連續劇,Running Man,1,1,1,2014-09-21
影片連結失效/錯誤,電視連續劇,阿母,3,1,1,2014-09-21
影片連結失效/錯誤,電視連續劇,爸爸去哪兒,9,1,1,2014-09-21
影片連結失效/錯誤,電視連續劇,天使之眼,12,2,1,2014-09-21
影片連結失效/錯誤,電視連續劇,新三國演義,37,1,1,2014-09-21
影片連結失效/錯誤,電視連續劇,"我可能不會愛你 ",1,2,1,2014-09-21
影片連結失效/錯誤,電視連續劇,仁醫(日),9,1,1,2014-09-21
影片連結失效/錯誤,電視連續劇,"奇皇后 ",1,1,1,2014-09-21
影片連結失效/錯誤,電視連續劇,對我而言可愛的她,2,1,1,2014-09-21
影片連結失效/錯誤,電視連續劇,步步驚情,1,1,1,2014-09-21
影片連結失效/錯誤,電視連續劇,仁醫(日),8,1,1,2014-09-21
影片連結失效/錯誤,電視連續劇,半澤直樹(半沢直樹),7,1,1,2014-09-21
影片連結失效/錯誤,電視連續劇,"多謝款待 ",5,1,1,2014-09-21
影片連結失效/錯誤,電視連續劇,屌絲日記,11,1,1,2014-09-21
影片連結失效/錯誤,電視連續劇,妹妹,1,1,1,2014-09-21
影片連結失效/錯誤,電視連續劇,我的秘密花園2,25,1,1,2014-09-20
影片連結失效/錯誤,電視連續劇,你迷上了我,1,1,1,2014-09-20
影片連結失效/錯誤,電視連續劇,"蘭陵王 ",2,1,1,2014-09-20
影片連結失效/錯誤,電視連續劇,我們可以相愛嗎,3,3,1,2014-09-20
影片連結失效/錯誤,電視連續劇,"拜託小姐(千億寵愛在一身) ",1,1,1,2014-09-19
影片連結失效/錯誤,電視連續劇,黃真伊,13,1,1,2014-09-19
影片連結失效/錯誤,電視連續劇,"奇皇后 ",28,1,1,2014-09-19
影片連結失效/錯誤,電視連續劇,戀愛的發現,5,1,1,2014-09-19
影片連結失效/錯誤,電視連續劇,誘惑,20,1,1,2014-09-19
影片連結失效/錯誤,電視連續劇,16個夏天,3,4,1,2014-09-18
影片連結失效/錯誤,電視連續劇,Running Man,138,2,1,2014-09-18
影片連結失效/錯誤,電視連續劇,BIG,1,1,1,2014-09-18
影片連結失效/錯誤,電視連續劇,Running Man,17,1,1,2014-09-18
影片連結失效/錯誤,電視連續劇,黃真伊,1,1,1,2014-09-18
影片連結失效/錯誤,電視連續劇,我的秘密飯店,1,2,1,2014-09-18
影片連結失效/錯誤,電視連續劇,我的帥管家,7,1,1,2014-09-18
影片連結失效/錯誤,電視連續劇,命中注定我愛你,1,1,1,2014-09-18
影片連結失效/錯誤,電視連續劇,阿母,1,2,1,2014-09-18
影片連結失效/錯誤,電視連續劇,戀愛的發現,10,1,1,2014-09-17
影片連結失效/錯誤,電視連續劇,"奇皇后 ",13,1,1,2014-09-17
影片連結失效/錯誤,電視連續劇,命中注定我愛你,1,1,1,2014-09-17
影片連結失效/錯誤,電視連續劇,愛在高中,8,1,1,2014-09-17
影片連結失效/錯誤(system),電視連續劇,對我而言可愛的她,9,2,66,2014-10-16
影片連結失效/錯誤(system),電視連續劇,對我而言可愛的她,9,1,51,2014-10-16
影片連結失效/錯誤(system),電視連續劇,妹妹,2,1,46,2014-10-16
影片連結失效/錯誤(system),電視連續劇,Roommate 2,3,1,27,2014-10-16
影片連結失效/錯誤(system),電視連續劇,沒關係 是愛情啊,5,1,27,2014-10-16
影片連結失效/錯誤(system),電視連續劇,"回到愛以前 ",1,1,26,2014-10-16
影片連結失效/錯誤(system),電視連續劇,我的秘密飯店,16,1,26,2014-10-16
影片連結失效/錯誤(system),電視連續劇,"擁抱太陽的月亮 ",10,4,25,2014-10-16
影片連結失效/錯誤(system),電視連續劇,對我而言可愛的她,7,1,23,2014-10-16
影片連結失效/錯誤(system),電視連續劇,我的秘密飯店,16,2,22,2014-10-16
影片連結失效/錯誤(system),電視連續劇,壞傢伙們(壞小子們),2,1,22,2014-10-16
影片連結失效/錯誤(system),電視連續劇,Running Man,216,1,21,2014-10-16
影片連結失效/錯誤(system),電視連續劇,爸爸我們去哪兒 第二季(韓),6,1,21,2014-10-16
影片連結失效/錯誤(system),電視連續劇,總理和我(預約愛情),9,1,21,2014-10-16
影片連結失效/錯誤(system),電視連續劇,步步驚情,1,1,20,2014-10-16
影片連結失效/錯誤(system),電視連續劇,爸爸去哪兒 第二季,16,1,20,2014-10-16
影片連結失效/錯誤(system),電視連續劇,沒關係 是愛情啊,2,1,20,2014-10-16
影片連結失效/錯誤(system),電視連續劇,Running Man,214,1,20,2014-10-16
影片連結失效/錯誤(system),電視連續劇,"世間情 ",234,2,20,2014-10-16
影片連結失效/錯誤(system),電視連續劇,我們結婚了世界版第二季,2,1,20,2014-10-16
影片連結失效/錯誤(system),電視連續劇,異鄉人醫生(愛在異鄉),3,1,19,2014-10-16
影片連結失效/錯誤(system),電視連續劇,惡魔在身邊,16,1,19,2014-10-16
影片連結失效/錯誤(system),電視連續劇,爸爸去哪兒 第二季,14,1,18,2014-10-16
影片連結失效/錯誤(system),電視連續劇,Running Man,216,2,18,2014-10-16
影片連結失效/錯誤(system),電視連續劇,爸爸去哪兒 第二季,13,1,18,2014-10-16
影片連結失效/錯誤(system),電視連續劇,宮鎖連城,1,1,18,2014-10-16
影片連結失效/錯誤(system),電視連續劇,沒關係 是愛情啊,10,1,17,2014-10-16
影片連結失效/錯誤(system),電視連續劇,使徒行者,4,1,16,2014-10-16
影片連結失效/錯誤(system),電視連續劇,16個夏天,13,2,15,2014-10-16
影片連結失效/錯誤(system),電視連續劇,"宮鎖心玉 ",3,1,15,2014-10-16
影片連結失效/錯誤(system),電視連續劇,我的秘密飯店,15,2,14,2014-10-16
影片連結失效/錯誤(system),電視連續劇,"天涯織女(神話織女) ",1,1,14,2014-10-16
影片連結失效/錯誤(system),電視連續劇,爸爸去哪兒 第二季,1,1,14,2014-10-16
影片連結失效/錯誤(system),電視連續劇,妹妹,3,1,14,2014-10-16
影片連結失效/錯誤(system),電視連續劇,我人生的春天,11,1,14,2014-10-16
影片連結失效/錯誤(system),電視連續劇,半澤直樹,1,1,14,2014-10-16
影片連結失效/錯誤(system),電視連續劇,孤獨的美食家4,1,1,14,2014-10-16
影片連結失效/錯誤(system),電視連續劇,當愛情來的時候,2,1,13,2014-10-16
影片連結失效/錯誤(system),電視連續劇,Running Man,196,1,13,2014-10-16
影片連結失效/錯誤(system),電視連續劇,Running Man,189,1,13,2014-10-16
影片連結失效/錯誤(system),電視連續劇,沒關係 是愛情啊,8,1,13,2014-10-16
影片連結失效/錯誤(system),電視連續劇,王昭君,1,1,13,2014-10-16
影片連結失效/錯誤(system),電視連續劇,沒關係 是愛情啊,15,1,13,2014-10-16
影片連結失效/錯誤(system),電視連續劇,Running Man,184,1,13,2014-10-16
影片連結失效/錯誤(system),電視連續劇,沒關係 是愛情啊,7,1,13,2014-10-16
影片連結失效/錯誤(system),電視連續劇,超人回來了,1,1,13,2014-10-16
影片連結失效/錯誤(system),電視連續劇,"戀了愛了 ",2,1,13,2014-10-16
影片連結失效/錯誤(system),電視連續劇,大藥坊,2,1,13,2014-10-16
影片連結失效/錯誤(system),電視連續劇,爸爸去哪兒 第二季,15,1,13,2014-10-16
影片連結失效/錯誤(system),電視連續劇,"武則天祕史 ",2,1,12,2014-10-16
影片連結失效/錯誤(system),電視連續劇,Running Man,185,1,12,2014-10-16
影片連結失效/錯誤(system),電視連續劇,對我而言可愛的她,1,1,12,2014-10-16
影片連結失效/錯誤(system),電視連續劇,中國好聲音 第三季,14,1,12,2014-10-16
影片連結失效/錯誤(system),電視連續劇,沒關係 是愛情啊,9,1,12,2014-10-16
影片連結失效/錯誤(system),電視連續劇,"惡作劇之吻 ",27,1,12,2014-10-16
影片連結失效/錯誤(system),電視連續劇,愛的婦產科,6,1,12,2014-10-16
影片連結失效/錯誤(system),電視連續劇,"王家一家人 ",27,1,12,2014-10-16
影片連結失效/錯誤(system),電視連續劇,"真愛趁現在 ",8,1,12,2014-10-16
影片連結失效/錯誤(system),電視連續劇,忠奸人,1,1,11,2014-10-16
影片連結失效/錯誤(system),電視連續劇,妹妹,2,2,11,2014-10-16
影片連結失效/錯誤(system),電視連續劇,沒關係 是愛情啊,1,1,11,2014-10-16
影片連結失效/錯誤(system),電視連續劇,對我而言可愛的她,8,2,11,2014-10-16
影片連結失效/錯誤(system),電視連續劇,Running Man,187,1,11,2014-10-16
影片連結失效/錯誤(system),電視連續劇,"惡作劇之吻 ",20,1,11,2014-10-16
影片連結失效/錯誤(system),電視連續劇,"你為我著迷 ",15,1,10,2014-10-16
影片連結失效/錯誤(system),電視連續劇,鎖清秋,8,1,10,2014-10-16
影片連結失效/錯誤(system),電視連續劇,"勝女的代價 ",33,1,10,2014-10-16
影片連結失效/錯誤(system),電視連續劇,使徒行者,9,1,10,2014-10-16
影片連結失效/錯誤(system),電視連續劇,爸爸我們去哪兒 第二季(韓),7,1,10,2014-10-16
影片連結失效/錯誤(system),電視連續劇,"辣媽正傳 ",7,1,10,2014-10-16
影片連結失效/錯誤(system),電視連續劇,妹妹,2,5,10,2014-10-16
影片連結失效/錯誤(system),電視連續劇,小時代,1,1,10,2014-10-16
影片連結失效/錯誤(system),電視連續劇,16個夏天,3,2,10,2014-10-16
影片連結失效/錯誤(system),電視連續劇,爸爸去哪兒 第二季,11,1,10,2014-10-16
影片連結失效/錯誤(system),電視連續劇,Running Man,172,1,10,2014-10-16
影片連結失效/錯誤(system),電視連續劇,"傾世皇妃 ",1,1,10,2014-10-16
影片連結失效/錯誤(system),電視連續劇,我的秘密飯店,14,1,10,2014-10-16
影片連結失效/錯誤(system),電視連續劇,對我而言可愛的她,5,1,10,2014-10-16
影片連結失效/錯誤(system),電視連續劇,16個夏天,13,4,10,2014-10-16
影片連結失效/錯誤(system),電視連續劇,"宮鎖珠簾 ",1,1,10,2014-10-16
影片連結失效/錯誤(system),電視連續劇,Running Man,169,1,10,2014-10-16
影片連結失效/錯誤(system),電視連續劇,我的秘密飯店,10,1,10,2014-10-16
影片連結失效/錯誤(system),電視連續劇,我的秘密飯店,15,1,10,2014-10-16
影片連結失效/錯誤(system),電視連續劇,鋼鐵人,10,2,10,2014-10-16
影片連結失效/錯誤(system),電視連續劇,失戀33天,3,1,9,2014-10-16
影片連結失效/錯誤(system),電視連續劇,時間螺旋,1,1,9,2014-10-16
影片連結失效/錯誤(system),電視連續劇,衛子夫,11,1,9,2014-10-16
影片連結失效/錯誤(system),電視連續劇,"一起用餐吧 ",15,1,9,2014-10-16
影片連結失效/錯誤(system),電視連續劇,"奇皇后 ",7,1,9,2014-10-16
影片連結失效/錯誤(system),電視連續劇,金玉良緣,10,1,9,2014-10-16
影片連結失效/錯誤(system),電視連續劇,Running Man,170,1,9,2014-10-16
影片連結失效/錯誤(system),電視連續劇,爸爸我們去哪兒 第二季(韓),6,2,9,2014-10-16
影片連結失效/錯誤(system),電視連續劇,孤獨的美食家4,2,1,9,2014-10-16
影片連結失效/錯誤(system),電視連續劇,Running Man,171,1,9,2014-10-16
影片連結失效/錯誤(system),電視連續劇,"非緣勿擾 ",1,1,9,2014-10-16
影片連結失效/錯誤(system),電視連續劇,"浪漫滿屋 ",2,1,9,2014-10-16
影片連結失效/錯誤(system),電視連續劇,"世間情 ",234,3,9,2014-10-16
影片連結失效/錯誤(system),電視連續劇,衛子夫,3,1,9,2014-10-16
影片連結失效/錯誤(system),電視連續劇,"富貴男貧窮女(多金社長小資女) ",5,1,9,2014-10-16
影片連結失效/錯誤(system),電視連續劇,異鄉人醫生(愛在異鄉),16,1,9,2014-10-16
影片連結失效/錯誤(system),電視連續劇,Running Man,106,1,9,2014-10-16
影片連結失效/錯誤(system),電視連續劇,妹妹,1,2,9,2014-10-16
影片連結失效/錯誤(system),電視連續劇,新閨蜜時代,30,1,9,2014-10-16
影片連結失效/錯誤(system),電視連續劇,對我而言可愛的她,4,1,9,2014-10-16
影片連結失效/錯誤(system),電視連續劇,愛上兩個我,9,1,9,2014-10-16
影片連結失效/錯誤(system),電視連續劇,Running Man,180,1,8,2014-10-16
影片連結失效/錯誤(system),電視連續劇,"玻璃假面 ",1,1,8,2014-10-16
影片連結失效/錯誤(system),電視連續劇,"世間情 ",233,2,8,2014-10-16
影片連結失效/錯誤(system),電視連續劇,時尚王,20,1,8,2014-10-16
影片連結失效/錯誤(system),電視連續劇,妹妹,10,2,8,2014-10-16
影片連結失效/錯誤(system),電視連續劇,妹妹,10,1,8,2014-10-16
影片連結失效/錯誤(system),電視連續劇,命中注定我愛你,6,1,8,2014-10-16
影片連結失效/錯誤(system),電視連續劇,"總理和我(總理戀愛中) ",9,1,8,2014-10-16
影片連結失效/錯誤(system),電視連續劇,沒關係 是愛情啊,14,1,8,2014-10-16
影片連結失效/錯誤(system),電視連續劇,爸爸去哪兒 第二季,2,1,8,2014-10-16
影片連結失效/錯誤(system),電視連續劇,壞傢伙們(壞小子們),2,2,8,2014-10-16
影片連結失效/錯誤(system),電視連續劇,沒關係 是愛情啊,3,1,8,2014-10-16
影片連結失效/錯誤(system),電視連續劇,"刑名師爺 ",2,1,8,2014-10-16
影片連結失效/錯誤(system),電視連續劇,后宫,5,1,8,2014-10-16
影片連結失效/錯誤(system),電視連續劇,Running Man,192,1,8,2014-10-16
影片連結失效/錯誤(system),電視連續劇,龍飛鳳舞,160,1,8,2014-10-16
影片連結失效/錯誤(system),電視連續劇,Running Man,174,1,8,2014-10-16
影片連結失效/錯誤(system),電視連續劇,Running Man,186,1,8,2014-10-16
影片連結失效/錯誤(system),電視連續劇,異鄉人醫生(愛在異鄉),10,1,8,2014-10-16
影片連結失效/錯誤(system),電視連續劇,Running Man,215,2,8,2014-10-16
影片連結失效/錯誤(system),電視連續劇,16個夏天,2,3,8,2014-10-16
影片連結失效/錯誤(system),電視連續劇,"如意 ",1,1,8,2014-10-16
影片連結失效/錯誤(system),電視連續劇,"愛的生存之道 ",1,1,8,2014-10-16
影片連結失效/錯誤(system),電視連續劇,妹妹,4,1,8,2014-10-16
影片連結失效/錯誤(system),電視連續劇,爸爸去哪兒 第二季,12,1,8,2014-10-16
影片連結失效/錯誤(system),電視連續劇,"你的女人 ",107,1,8,2014-10-16
影片連結失效/錯誤(system),電視連續劇,對我而言可愛的她,8,1,7,2014-10-16
影片連結失效/錯誤(system),電視連續劇,我人生的甘雨,106,1,7,2014-10-16
影片連結失效/錯誤(system),電視連續劇,二十歲,4,1,7,2014-10-16
影片連結失效/錯誤(system),電視連續劇,"愛似百匯 ",13,4,7,2014-10-16
影片連結失效/錯誤(system),電視連續劇,古劍奇譚,19,1,7,2014-10-16
影片連結失效/錯誤(system),電視連續劇,沒關係 是愛情啊,11,1,7,2014-10-16
影片連結失效/錯誤(system),電視連續劇,命中注定我愛你,15,2,7,2014-10-16
影片連結失效/錯誤(system),電視連續劇,對我而言可愛的她,5,2,7,2014-10-16
影片連結失效/錯誤(system),電視連續劇,對我而言可愛的她,6,2,7,2014-10-16
影片連結失效/錯誤(system),電視連續劇,爸爸我們去哪兒 第二季(韓),10,1,7,2014-10-16
影片連結失效/錯誤(system),電視連續劇,我們結婚了世界版第二季,3,1,7,2014-10-16
影片連結失效/錯誤(system),電視連續劇,后宫,11,1,7,2014-10-16
影片連結失效/錯誤(system),電視連續劇,"奇皇后 ",10,1,7,2014-10-16
影片連結失效/錯誤(system),電視連續劇,衛子夫,1,1,7,2014-10-16
影片連結失效/錯誤(system),電視連續劇,幸福兌換券,19,1,7,2014-10-16
影片連結失效/錯誤(system),電視連續劇,"Nine: 九回時間旅行 ",3,1,7,2014-10-16
影片連結失效/錯誤(system),電視連續劇,"愛情雨 ",7,1,7,2014-10-16
影片連結失效/錯誤(system),電視連續劇,16個夏天,6,2,7,2014-10-16
影片連結失效/錯誤(system),電視連續劇,爸爸去哪兒 第二季,10,1,7,2014-10-16
影片連結失效/錯誤(system),電視連續劇,對我而言可愛的她,2,1,7,2014-10-16
影片連結失效/錯誤(system),電視連續劇,妹妹,10,4,7,2014-10-16
影片連結失效/錯誤(system),電視連續劇,愛在高中,5,1,7,2014-10-16
影片連結失效/錯誤(system),電視連續劇,真是好時節,21,1,7,2014-10-16
影片連結失效/錯誤(system),電視連續劇,"西藏秘密 ",1,1,7,2014-10-16
影片連結失效/錯誤(system),電視連續劇,Running Man,181,1,7,2014-10-16
影片連結失效/錯誤(system),電視連續劇,異鄉人醫生(愛在異鄉),7,1,7,2014-10-16
影片連結失效/錯誤(system),電視連續劇,命中注定我愛你,2,1,7,2014-10-16
影片連結失效/錯誤(system),電視連續劇,土地公土地婆,1,1,7,2014-10-16
影片連結失效/錯誤(system),電視連續劇,對我而言可愛的她,6,1,7,2014-10-16
影片連結失效/錯誤(system),電視連續劇,異鄉人醫生(愛在異鄉),11,1,7,2014-10-16
影片連結失效/錯誤(system),電視連續劇,"一起用餐吧 ",7,1,7,2014-10-16
影片連結失效/錯誤(system),電視連續劇,"繼承者們 ",2,1,7,2014-10-16
影片連結失效/錯誤(system),電視連續劇,喜歡一個人,21,1,7,2014-10-16
影片連結失效/錯誤(system),電視連續劇,深圳合租記(一男三女合租記),35,1,6,2014-10-16
影片連結失效/錯誤(system),電視連續劇,使徒行者,6,1,6,2014-10-16
影片連結失效/錯誤(system),電視連續劇,金玉良緣,42,1,6,2014-10-16
影片連結失效/錯誤(system),電視連續劇,艋舺的女人,53,1,6,2014-10-16
影片連結失效/錯誤(system),電視連續劇,"醜八怪警報 ",1,1,6,2014-10-16
影片連結失效/錯誤(system),電視連續劇,衛子夫,8,1,6,2014-10-16
影片連結失效/錯誤(system),電視連續劇,妹妹,10,3,6,2014-10-16
影片連結失效/錯誤(system),電視連續劇,妹妹,1,3,6,2014-10-16
影片連結失效/錯誤(system),電視連續劇,Running Man,173,1,6,2014-10-16
影片連結失效/錯誤(system),電視連續劇,爸爸我們去哪兒 第二季(韓),8,1,6,2014-10-16
影片連結失效/錯誤(system),電視連續劇,古劍奇譚,23,1,6,2014-10-16
影片連結失效/錯誤(system),電視連續劇,"奇皇后 ",5,1,6,2014-10-16
影片連結失效/錯誤(system),電視連續劇,16個夏天,11,2,6,2014-10-16
影片連結失效/錯誤(system),電視連續劇,忠奸人,20,1,6,2014-10-16
影片連結失效/錯誤(system),電視連續劇,"再一次心跳 ",4,1,6,2014-10-16
影片連結失效/錯誤(system),電視連續劇,終極X宿舍,3,1,6,2014-10-16
影片連結失效/錯誤(system),電視連續劇,總理和我(預約愛情),10,1,6,2014-10-16
影片連結失效/錯誤(system),電視連續劇,"踮起腳尖吻到愛 ",2,1,6,2014-10-16
影片連結失效/錯誤(system),電視連續劇,16個夏天,11,3,6,2014-10-16
影片連結失效/錯誤(system),電視連續劇,"戀愛操作團：大鼻子情聖 ",2,1,6,2014-10-16
影片連結失效/錯誤(system),電視連續劇,"來自星星的你 ",1,1,6,2014-10-16
影片連結失效/錯誤(system),電視連續劇,16個夏天,2,2,6,2014-10-16
影片連結失效/錯誤(system),電視連續劇,流氓王子,11,1,6,2014-10-16
影片連結失效/錯誤(system),電視連續劇,再說一次我願意,8,6,6,2014-10-16
影片連結失效/錯誤(system),電視連續劇,16個夏天,12,4,6,2014-10-16
影片連結失效/錯誤(system),電視連續劇,對我而言可愛的她,3,1,6,2014-10-16
影片連結失效/錯誤(system),電視連續劇,"奇皇后 ",9,1,6,2014-10-16
影片連結失效/錯誤(system),電視連續劇,Running Man,55,1,6,2014-10-16
影片連結失效/錯誤(system),電視連續劇,對我而言可愛的她,7,2,6,2014-10-16
影片連結失效/錯誤(system),電視連續劇,海派甜心,14,1,6,2014-10-16
影片連結失效/錯誤(system),電視連續劇,16個夏天,13,1,6,2014-10-16
影片連結失效/錯誤(system),電視連續劇,糟糠之妻俱樂部 (大老婆的反擊),33,1,6,2014-10-16
影片連結失效/錯誤(system),電視連續劇,"世間情 ",234,1,6,2014-10-16
影片連結失效/錯誤(system),電視連續劇,"再一次心跳 ",3,1,6,2014-10-16
影片連結失效/錯誤(system),電視連續劇,中國好聲音 第三季,13,1,6,2014-10-16
影片連結失效/錯誤(system),電視連續劇,鎖清秋,6,1,6,2014-10-16
影片連結失效/錯誤(system),電視連續劇,Running Man,167,1,6,2014-10-16
影片連結失效/錯誤(system),電視連續劇,我們結婚了世界版第二季,2,2,6,2014-10-16
影片連結失效/錯誤(system),電視連續劇,命中注定我愛你,10,1,6,2014-10-16
影片連結失效/錯誤(system),電視連續劇,"真愛謊言 ",1,1,6,2014-10-16
影片連結失效/錯誤(system),電視連續劇,"秘密花園 ",14,2,6,2014-10-16
影片連結失效/錯誤(system),電視連續劇,16個夏天,5,3,6,2014-10-16
影片連結失效/錯誤(system),電視連續劇,"奇皇后 ",15,3,6,2014-10-16
影片連結失效/錯誤(system),電視連續劇,16個夏天,13,5,6,2014-10-16
影片連結失效/錯誤(system),電視連續劇,"武則天祕史 ",3,1,6,2014-10-16
影片連結失效/錯誤(system),電視連續劇,巷弄裡的那家書店,23,2,6,2014-10-16
影片連結失效/錯誤(system),電視連續劇,半澤直樹(半沢直樹),1,1,6,2014-10-16
影片連結失效/錯誤(system),電視連續劇,"清潭洞111 ",1,1,6,2014-10-16
影片連結失效/錯誤(system),電視連續劇,"總理和我(總理戀愛中) ",11,1,6,2014-10-16
影片連結失效/錯誤(system),電視連續劇,愛在高中,4,1,5,2014-10-16
影片連結失效/錯誤(system),電視連續劇,16個夏天,12,2,5,2014-10-16
影片連結失效/錯誤(system),電視連續劇,艋舺的女人,54,4,5,2014-10-16
影片連結失效/錯誤(system),電視連續劇,"煙花三月 ",1,1,5,2014-10-16
影片連結失效/錯誤(system),電視連續劇,Running Man,124,1,5,2014-10-16
影片連結失效/錯誤(system),電視連續劇,妹妹,9,2,5,2014-10-16
影片連結失效/錯誤(system),電視連續劇,中國好聲音 第三季,12,1,5,2014-10-16
影片連結失效/錯誤(system),電視連續劇,"笑傲江湖(2013) ",2,1,5,2014-10-16
影片連結失效/錯誤(system),電視連續劇,我人生的甘雨,58,1,5,2014-10-16
影片連結失效/錯誤(system),電視連續劇,命中注定我愛你,11,2,5,2014-10-16
影片連結失效/錯誤(system),電視連續劇,妹妹,9,5,5,2014-10-16
影片連結失效/錯誤(system),電視連續劇,Running Man,179,1,5,2014-10-16
影片連結失效/錯誤(system),電視連續劇,"愛情雨 ",7,2,5,2014-10-16
影片連結失效/錯誤(system),電視連續劇,"擁抱太陽的月亮 ",9,1,5,2014-10-16
影片連結失效/錯誤(system),電視連續劇,金玉良緣,43,1,5,2014-10-16
影片連結失效/錯誤(system),電視連續劇,"繼承者們 ",3,1,5,2014-10-16
影片連結失效/錯誤(system),電視連續劇,"第三醫院 ",9,1,5,2014-10-16
影片連結失效/錯誤(system),電視連續劇,Running Man,175,1,5,2014-10-16
影片連結失效/錯誤(system),電視連續劇,妹妹,4,4,5,2014-10-16
影片連結失效/錯誤(system),電視連續劇,"奇皇后 ",25,2,5,2014-10-16
影片連結失效/錯誤(system),電視連續劇,"宮鎖心玉 ",4,1,5,2014-10-16
影片連結失效/錯誤(system),電視連續劇,我們結婚了世界版第二季,6,1,5,2014-10-16
影片連結失效/錯誤(system),電視連續劇,巡夜人日誌(更夫日誌),22,1,5,2014-10-16
影片連結失效/錯誤(system),電視連續劇,只屬於我的你,29,1,5,2014-10-16
影片連結失效/錯誤(system),電視連續劇,"那年冬天，風在吹 ",3,1,5,2014-10-16
影片連結失效/錯誤(system),電視連續劇,天上女子,20,1,5,2014-10-16
影片連結失效/錯誤(system),電視連續劇,妹妹,5,2,5,2014-10-16
影片連結失效/錯誤(system),電視連續劇,巡夜人日誌(更夫日誌),22,2,5,2014-10-16
影片連結失效/錯誤(system),電視連續劇,16個夏天,7,2,5,2014-10-16
影片連結失效/錯誤(system),電視連續劇,"玻璃假面 ",61,1,5,2014-10-16
影片連結失效/錯誤(system),電視連續劇,16個夏天,6,4,5,2014-10-16
影片連結失效/錯誤(system),電視連續劇,我們結婚了世界版第二季,4,1,5,2014-10-16
影片連結失效/錯誤(system),電視連續劇,16個夏天,12,3,5,2014-10-16
影片連結失效/錯誤(system),電視連續劇,爸爸我們去哪兒 第二季(韓),9,1,5,2014-10-16
影片連結失效/錯誤(system),電視連續劇,妹妹,10,5,5,2014-10-16
影片連結失效/錯誤(system),電視連續劇,"漂亮男人(美男子) ",2,1,5,2014-10-16
影片連結失效/錯誤(system),電視連續劇,16個夏天,3,3,5,2014-10-16
影片連結失效/錯誤(system),電視連續劇,Running Man,23,1,5,2014-10-16
影片連結失效/錯誤(system),電視連續劇,中國好聲音 第三季,2,1,5,2014-10-16
影片連結失效/錯誤(system),電視連續劇,"來自星星的你 ",2,1,5,2014-10-16
影片連結失效/錯誤(system),電視連續劇,沒關係 是愛情啊,6,1,5,2014-10-16
影片連結失效/錯誤(system),電視連續劇,新還珠格格,1,1,5,2014-10-16
影片連結失效/錯誤(system),電視連續劇,衛子夫,4,1,5,2014-10-16
影片連結失效/錯誤(system),電視連續劇,家人之間為何這樣,5,1,5,2014-10-16
影片連結失效/錯誤(system),電視連續劇,妹妹,2,4,5,2014-10-16
影片連結失效/錯誤(system),電視連續劇,妹妹,4,2,5,2014-10-16
影片連結失效/錯誤(system),電視連續劇,"請回答1994 ",1,1,5,2014-10-16
影片連結失效/錯誤(system),電視連續劇,"宮鎖心玉 ",8,1,5,2014-10-16
影片連結失效/錯誤(system),電視連續劇,"你為我著迷 ",15,4,5,2014-10-16
影片連結失效/錯誤(system),電視連續劇,金玉良緣,7,1,5,2014-10-16
影片連結失效/錯誤(system),電視連續劇,"來自星星的你 ",7,1,5,2014-10-16
影片連結失效/錯誤(system),電視連續劇,"請回答1997(回應吧1997) ",4,1,5,2014-10-16
影片連結失效/錯誤(system),電視連續劇,"奇皇后 ",3,1,5,2014-10-16
影片連結失效/錯誤(system),電視連續劇,艋舺的女人,54,3,5,2014-10-16
影片連結失效/錯誤(system),電視連續劇,孤獨的美食家4,3,1,5,2014-10-16
影片連結失效/錯誤(system),電視連續劇,剩餘公主,10,1,5,2014-10-16
影片連結失效/錯誤(system),電視連續劇,16個夏天,13,3,5,2014-10-16
影片連結失效/錯誤(system),電視連續劇,16個夏天,4,2,5,2014-10-16
影片連結失效/錯誤(system),電視連續劇,沒關係 是愛情啊,12,1,5,2014-10-16
影片連結失效/錯誤(system),電視連續劇,"賢妻 ",1,1,5,2014-10-16
影片連結失效/錯誤(system),電視連續劇,"來自星星的你 ",20,1,5,2014-10-16
影片連結失效/錯誤(system),電視連續劇,總理和我(預約愛情),9,2,5,2014-10-16
影片連結失效/錯誤(system),電視連續劇,The TaeTiSeo,6,1,5,2014-10-16
影片連結失效/錯誤(system),電視連續劇,明日如歌(交響情人夢),1,1,5,2014-10-16
影片連結失效/錯誤(system),電視連續劇,妹妹,10,6,5,2014-10-16
影片連結失效/錯誤(system),電視連續劇,沒關係 是愛情啊,16,1,5,2014-10-16
影片連結失效/錯誤(system),電視連續劇,Running Man,214,2,5,2014-10-16
影片連結失效/錯誤(system),電視連續劇,寒山潛龍,5,1,5,2014-10-16
影片連結失效/錯誤(system),電視連續劇,金玉良緣,3,1,5,2014-10-16
影片連結失效/錯誤(system),電視連續劇,"玻璃假面 ",59,1,5,2014-10-16
影片連結失效/錯誤(system),電視連續劇,Trot戀人,11,1,5,2014-10-16
影片連結失效/錯誤(system),電視連續劇,Running Man,178,1,5,2014-10-16
影片連結失效/錯誤(system),電視連續劇,妹妹,1,1,5,2014-10-16
影片連結失效/錯誤(system),電視連續劇,"戀了愛了 ",3,1,5,2014-10-16
影片連結失效/錯誤(system),電視連續劇,"你為我著迷 ",2,1,5,2014-10-16
影片連結失效/錯誤(system),電視連續劇,16個夏天,7,3,5,2014-10-16
影片連結失效/錯誤(system),電視連續劇,Running Man,213,2,5,2014-10-16
影片連結失效/錯誤(system),電視連續劇,艋舺的女人,54,1,5,2014-10-16
影片連結失效/錯誤(system),電視連續劇,"女王的誕生 ",4,1,5,2014-10-16
影片連結失效/錯誤(system),電視連續劇,"仁顯王后的男人 ",1,1,5,2014-10-16
影片連結失效/錯誤(system),電視連續劇,"蘭陵王 ",27,1,5,2014-10-16
影片連結失效/錯誤(system),電視連續劇,"奇皇后 ",11,1,5,2014-10-16
影片連結失效/錯誤(system),電視連續劇,"笑傲江湖(2013) ",18,1,5,2014-10-16
影片連結失效/錯誤(system),電視連續劇,"一起用餐吧 ",16,1,5,2014-10-16
影片連結失效/錯誤(system),電視連續劇,明日如歌(交響情人夢),1,2,5,2014-10-16
影片連結失效/錯誤(system),電視連續劇,爸爸去哪兒 第二季,7,1,5,2014-10-16
影片連結失效/錯誤(system),電視連續劇,Running Man,215,1,5,2014-10-16
影片連結失效/錯誤(system),電視連續劇,宮鎖連城,2,1,4,2014-10-16
影片連結失效/錯誤(system),電視連續劇,"奇皇后 ",19,2,4,2014-10-16
影片連結失效/錯誤(system),電視連續劇,Trot戀人,7,1,4,2014-10-16
影片連結失效/錯誤(system),電視連續劇,"你為我著迷 ",4,4,4,2014-10-16
影片連結失效/錯誤(system),電視連續劇,妹妹,5,1,4,2014-10-16
影片連結失效/錯誤(system),電視連續劇,"英雄 ",1,1,4,2014-10-16
影片連結失效/錯誤(system),電視連續劇,"你為我著迷 ",1,3,4,2014-10-16
影片連結失效/錯誤(system),電視連續劇,國色天香,1,1,4,2014-10-16
影片連結失效/錯誤(system),電視連續劇,我們結婚了世界版第二季,5,1,4,2014-10-16
影片連結失效/錯誤(system),電視連續劇,犀利仁師,43,1,4,2014-10-16
影片連結失效/錯誤(system),電視連續劇,新閨蜜時代,40,1,4,2014-10-16
影片連結失效/錯誤(system),電視連續劇,16個夏天,3,4,4,2014-10-16
影片連結失效/錯誤(system),電視連續劇,"愛情雨 ",11,1,4,2014-10-16
影片連結失效/錯誤(system),電視連續劇,"凰圖騰 ",1,1,4,2014-10-16
影片連結失效/錯誤(system),電視連續劇,"王家一家人 ",28,1,4,2014-10-16
影片連結失效/錯誤(system),電視連續劇,PMAM之美好偵探社,1,1,4,2014-10-16
影片連結失效/錯誤(system),電視連續劇,一見不鍾情,2,1,4,2014-10-16
影片連結失效/錯誤(system),電視連續劇,EXO 90:2014,7,1,4,2014-10-16
影片連結失效/錯誤(system),電視連續劇,"玻璃假面 ",70,1,4,2014-10-16
影片連結失效/錯誤(system),電視連續劇,"真愛黑白配 ",17,1,4,2014-10-16
影片連結失效/錯誤(system),電視連續劇,"奇皇后 ",21,2,4,2014-10-16
影片連結失效/錯誤(system),電視連續劇,爸爸我們去哪兒 第二季(韓),17,1,4,2014-10-16
影片連結失效/錯誤(system),電視連續劇,"花美男拉麵店 ",8,2,4,2014-10-16
影片連結失效/錯誤(system),電視連續劇,女人30情定水舞間,12,1,4,2014-10-16
影片連結失效/錯誤(system),電視連續劇,"小資女孩向前衝 ",5,4,4,2014-10-16
影片連結失效/錯誤(system),電視連續劇,"月之戀人 ",1,1,4,2014-10-16
影片連結失效/錯誤(system),電視連續劇,"愛的生存之道 ",4,1,4,2014-10-16
影片連結失效/錯誤(system),電視連續劇,"武則天祕史 ",4,1,4,2014-10-16
影片連結失效/錯誤(system),電視連續劇,"Nine: 九回時間旅行 ",2,1,4,2014-10-16
影片連結失效/錯誤(system),電視連續劇,甜心空姐,1,1,4,2014-10-16
影片連結失效/錯誤(system),電視連續劇,"信義(神醫) ",1,1,4,2014-10-16
影片連結失效/錯誤(system),電視連續劇,命中注定我愛你,16,2,4,2014-10-16
影片連結失效/錯誤(system),電視連續劇,"秘密花園 ",15,1,4,2014-10-16
影片連結失效/錯誤(system),電視連續劇,"我的女友是九尾狐 ",3,1,4,2014-10-16
影片連結失效/錯誤(system),電視連續劇,"華麗的挑戰 ",14,2,4,2014-10-16
影片連結失效/錯誤(system),電視連續劇,"推理要在晚餐後 ",1,1,4,2014-10-16
影片連結失效/錯誤(system),電視連續劇,妹妹,5,4,4,2014-10-16
影片連結失效/錯誤(system),電視連續劇,"愛情雨 ",7,3,4,2014-10-16
影片連結失效/錯誤(system),電視連續劇,"奇皇后 ",4,1,4,2014-10-16
影片連結失效/錯誤(system),電視連續劇,妻子的秘密,35,1,4,2014-10-16
影片連結失效/錯誤(system),電視連續劇,天使之眼,8,1,4,2014-10-16
影片連結失效/錯誤(system),電視連續劇,妹妹,7,1,4,2014-10-16
影片連結失效/錯誤(system),電視連續劇,妹妹,5,6,4,2014-10-16
影片連結失效/錯誤(system),電視連續劇,異鄉人醫生(愛在異鄉),17,1,4,2014-10-16
影片連結失效/錯誤(system),電視連續劇,使徒行者,5,1,4,2014-10-16
影片連結失效/錯誤(system),電視連續劇,新閨蜜時代,38,1,4,2014-10-16
影片連結失效/錯誤(system),電視連續劇,古劍奇譚,20,1,4,2014-10-16
影片連結失效/錯誤(system),電視連續劇,EXO 90:2014,2,1,4,2014-10-16
影片連結失效/錯誤(system),電視連續劇,"宮鎖珠簾 ",2,1,4,2014-10-16
影片連結失效/錯誤(system),電視連續劇,妹妹,3,2,4,2014-10-16
影片連結失效/錯誤(system),電視連續劇,封神榜之鳳鳴岐山,1,1,4,2014-10-16
影片連結失效/錯誤(system),電視連續劇,"真愛黑白配 ",21,1,4,2014-10-16
影片連結失效/錯誤(system),電視連續劇,大藥坊,15,1,4,2014-10-16
影片連結失效/錯誤(system),電視連續劇,"Nine: 九回時間旅行 ",13,1,4,2014-10-16
影片連結失效/錯誤(system),電視連續劇,喜歡一個人,10,1,4,2014-10-16
影片連結失效/錯誤(system),電視連續劇,超人回來了,3,1,4,2014-10-16
影片連結失效/錯誤(system),電視連續劇,爸爸去哪兒 第二季,3,2,4,2014-10-16
影片連結失效/錯誤(system),電視連續劇,"全民公主(幸福的約定) ",1,1,4,2014-10-16
影片連結失效/錯誤(system),電視連續劇,密愛,2,1,4,2014-10-16
影片連結失效/錯誤(system),電視連續劇,中國好聲音 第三季,1,1,4,2014-10-16
影片連結失效/錯誤(system),電視連續劇,忠奸人,6,1,4,2014-10-16
影片連結失效/錯誤(system),電視連續劇,神的禮物 14天,4,1,4,2014-10-16
影片連結失效/錯誤(system),電視連續劇,EXO 90:2014,3,1,4,2014-10-16
影片連結失效/錯誤(system),電視連續劇,阿母,9,2,4,2014-10-16
影片連結失效/錯誤(system),電視連續劇,"漂亮男人(美男子) ",1,1,4,2014-10-16
影片連結失效/錯誤(system),電視連續劇,16個夏天,12,6,4,2014-10-16
影片連結失效/錯誤(system),電視連續劇,衛子夫,7,1,4,2014-10-16
影片連結失效/錯誤(system),電視連續劇,生活啟示錄,21,1,4,2014-10-16
影片連結失效/錯誤(system),電視連續劇,"愛情雨 ",7,4,4,2014-10-16
影片連結失效/錯誤(system),電視連續劇,"主君的太陽 ",8,1,4,2014-10-16
影片連結失效/錯誤(system),電視連續劇,神的測驗4,1,1,4,2014-10-16
影片連結失效/錯誤(system),電視連續劇,"聖堂風雲 ",30,1,4,2014-10-16
影片連結失效/錯誤(system),電視連續劇,"命運交響曲 ",1,1,4,2014-10-16
影片連結失效/錯誤(system),電視連續劇,妹妹,9,6,4,2014-10-16
影片連結失效/錯誤(system),電視連續劇,妹妹,9,3,4,2014-10-16
影片連結失效/錯誤(system),電視連續劇,"包青天之開封奇案 ",1,1,4,2014-10-16
影片連結失效/錯誤(system),電視連續劇,"真愛趁現在 ",11,1,4,2014-10-16
影片連結失效/錯誤(system),電視連續劇,"秘密花園 ",15,2,4,2014-10-16
影片連結失效/錯誤(system),電視連續劇,寒山潛龍,1,1,4,2014-10-16
影片連結失效/錯誤(system),電視連續劇,步步驚情,21,1,4,2014-10-16
影片連結失效/錯誤(system),電視連續劇,妹妹,1,4,4,2014-10-16
影片連結失效/錯誤(system),電視連續劇,艋舺的女人,52,2,4,2014-10-16
影片連結失效/錯誤(system),電視連續劇,不一樣的美男子,3,1,4,2014-10-16
影片連結失效/錯誤(system),電視連續劇,16個夏天,3,5,4,2014-10-16
影片連結失效/錯誤(system),電視連續劇,康熙王朝,1,1,4,2014-10-16
影片連結失效/錯誤(system),電視連續劇,異鄉人醫生(愛在異鄉),20,1,4,2014-10-16
影片連結失效/錯誤(system),電視連續劇,HERO 2,2,1,4,2014-10-16
影片連結失效/錯誤(system),電視連續劇,衛子夫,5,1,4,2014-10-16
影片連結失效/錯誤(system),電視連續劇,"奇皇后 ",15,2,4,2014-10-16
影片連結失效/錯誤(system),電視連續劇,少年楊家將,1,1,4,2014-10-16
影片連結失效/錯誤(system),電視連續劇,"玻璃假面 ",60,1,4,2014-10-16
影片連結失效/錯誤(system),電視連續劇,巡夜人日誌(更夫日誌),21,2,4,2014-10-16
影片連結失效/錯誤(system),電視連續劇,"幸福選擇題 ",1,1,4,2014-10-16
影片連結失效/錯誤(system),電視連續劇,爸爸去哪兒 第二季,4,1,4,2014-10-16
影片連結失效/錯誤(system),電視連續劇,沒關係 是愛情啊,4,1,4,2014-10-16
影片連結失效/錯誤(system),電視連續劇,16個夏天,10,4,4,2014-10-16
影片連結失效/錯誤(system),電視連續劇,爸爸去哪兒 第二季,5,1,4,2014-10-16
影片連結失效/錯誤(system),電視連續劇,妹妹,3,5,4,2014-10-16
影片連結失效/錯誤(system),電視連續劇,異鄉人醫生(愛在異鄉),19,1,4,2014-10-16
影片連結失效/錯誤(system),電視連續劇,巡夜人日誌(更夫日誌),6,2,4,2014-10-16
影片連結失效/錯誤(system),電視連續劇,"我們發財了 ",2,1,4,2014-10-16
影片連結失效/錯誤(system),電視連續劇,HERO 2,5,1,4,2014-10-16
影片連結失效/錯誤(system),電視連續劇,妹妹,4,5,4,2014-10-16
影片連結失效/錯誤(system),電視連續劇,百年新娘,3,2,4,2014-10-16
影片連結失效/錯誤(system),電視連續劇,妹妹,7,5,4,2014-10-16
影片連結失效/錯誤(system),電視連續劇,百年新娘,2,2,4,2014-10-16
影片連結失效/錯誤(system),電視連續劇,妹妹,5,3,4,2014-10-16
影片連結失效/錯誤(system),電視連續劇,16個夏天,8,3,4,2014-10-16
影片連結失效/錯誤(system),電視連續劇,"奇皇后 ",41,1,4,2014-10-16
影片連結失效/錯誤(system),電視連續劇,"愛似百匯 ",10,3,4,2014-10-16
影片連結失效/錯誤(system),電視連續劇,妹妹,3,3,4,2014-10-16
影片連結失效/錯誤(system),電視連續劇,"宮鎖心玉 ",6,1,4,2014-10-16
影片連結失效/錯誤(system),電視連續劇,我的秘密飯店,8,2,4,2014-10-16
影片連結失效/錯誤(system),電視連續劇,鎖清秋,7,1,4,2014-10-16
影片連結失效/錯誤(system),電視連續劇,Running Man,155,1,4,2014-10-16
影片連結失效/錯誤(system),電視連續劇,艋舺的女人,52,3,4,2014-10-16
影片連結失效/錯誤(system),電視連續劇,"那年冬天，風在吹 ",2,1,4,2014-10-16
影片連結失效/錯誤(system),電視連續劇,大男人,11,1,4,2014-10-16
影片連結失效/錯誤(system),電視連續劇,"真愛趁現在 ",1,1,4,2014-10-16
影片連結失效/錯誤(system),電視連續劇,我的秘密飯店,11,1,4,2014-10-16
影片連結失效/錯誤(system),電視連續劇,鎖清秋,9,1,4,2014-10-16
影片連結失效/錯誤(system),電視連續劇,"鹿鼎記(黃曉明版) ",1,1,3,2014-10-16
影片連結失效/錯誤(system),電視連續劇,衛子夫,47,1,3,2014-10-16
影片連結失效/錯誤(system),電視連續劇,"想你 ",1,1,3,2014-10-16
影片連結失效/錯誤(system),電視連續劇,風水世家,45,1,3,2014-10-16
影片連結失效/錯誤(system),電視連續劇,"對我說謊試試(甜蜜謊言) ",13,1,3,2014-10-16
影片連結失效/錯誤(system),電視連續劇,天龍八部,2,1,3,2014-10-16
影片連結失效/錯誤(system),電視連續劇,"35歲的高中生 ",11,1,3,2014-10-16
影片連結失效/錯誤(system),電視連續劇,SPEC,1,1,3,2014-10-16
影片連結失效/錯誤(system),電視連續劇,血色星期一,1,1,3,2014-10-16
影片連結失效/錯誤(system),電視連續劇,"大秦帝國之縱橫 ",3,1,3,2014-10-16
影片連結失效/錯誤(system),電視連續劇,"浪漫滿屋 ",12,1,3,2014-10-16
影片連結失效/錯誤(system),電視連續劇,"歡迎來到萬事占卜陰陽屋 ",11,1,3,2014-10-16
影片連結失效/錯誤(system),電視連續劇,幸福兌換券,30,1,3,2014-10-16
影片連結失效/錯誤(system),電視連續劇,爸爸去哪兒 第二季,9,1,3,2014-10-16
影片連結失效/錯誤(system),電視連續劇,妹妹,4,6,3,2014-10-16
影片連結失效/錯誤(system),電視連續劇,天龍八部,1,1,3,2014-10-16
影片連結失效/錯誤(system),電視連續劇,命中注定我愛你,1,1,3,2014-10-16
影片連結失效/錯誤(system),電視連續劇,爸爸我們去哪兒 第二季(韓),35,2,3,2014-10-16
影片連結失效/錯誤(system),電視連續劇,幸福兌換券,20,1,3,2014-10-16
影片連結失效/錯誤(system),電視連續劇,山河戀 美人無淚,5,1,3,2014-10-16
影片連結失效/錯誤(system),電視連續劇,"宮鎖心玉 ",5,1,3,2014-10-16
影片連結失效/錯誤(system),電視連續劇,巡夜人日誌(更夫日誌),19,1,3,2014-10-16
影片連結失效/錯誤(system),電視連續劇,"交響情人夢 ",1,1,3,2014-10-16
影片連結失效/錯誤(system),電視連續劇,"時尚王 ",9,4,3,2014-10-16
影片連結失效/錯誤(system),電視連續劇,"鹿鼎記(黃曉明版) ",2,1,3,2014-10-16
影片連結失效/錯誤(system),電視連續劇,16個夏天,10,3,3,2014-10-16
影片連結失效/錯誤(system),電視連續劇,無法阻擋的HighKick,76,1,3,2014-10-16
影片連結失效/錯誤(system),電視連續劇,"我的燦爛人生 ",2,1,3,2014-10-16
影片連結失效/錯誤(system),電視連續劇,"信義(神醫) ",2,1,3,2014-10-16
影片連結失效/錯誤(system),電視連續劇,"奇皇后 ",47,1,3,2014-10-16
影片連結失效/錯誤(system),電視連續劇,親愛的我愛上別人了,14,1,3,2014-10-16
影片連結失效/錯誤(system),電視連續劇,我的自由年代,1,1,3,2014-10-16
影片連結失效/錯誤(system),電視連續劇,"主君的太陽 ",12,1,3,2014-10-16
影片連結失效/錯誤(system),電視連續劇,命中注定我愛你,3,1,3,2014-10-16
影片連結失效/錯誤(system),電視連續劇,"我也是花 ",6,1,3,2014-10-16
影片連結失效/錯誤(system),電視連續劇,Running Man,102,2,3,2014-10-16
影片連結失效/錯誤(system),電視連續劇,Running Man,6,1,3,2014-10-16
影片連結失效/錯誤(system),電視連續劇,后宮美人計 (山河戀·美人無淚),4,1,3,2014-10-16
影片連結失效/錯誤(system),電視連續劇,我的秘密飯店,1,2,3,2014-10-16
影片連結失效/錯誤(system),電視連續劇,Trot戀人,10,2,3,2014-10-16
影片連結失效/錯誤(system),電視連續劇,百年新娘,10,2,3,2014-10-16
影片連結失效/錯誤(system),電視連續劇,"奇皇后 ",40,1,3,2014-10-16
影片連結失效/錯誤(system),電視連續劇,"奇皇后 ",14,3,3,2014-10-16
影片連結失效/錯誤(system),電視連續劇,"奇皇后 ",6,1,3,2014-10-16
影片連結失效/錯誤(system),電視連續劇,"美樂加油 ",7,1,3,2014-10-16
影片連結失效/錯誤(system),電視連續劇,沒關係 是愛情啊,13,1,3,2014-10-16
影片連結失效/錯誤(system),電視連續劇,海派甜心,13,1,3,2014-10-16
影片連結失效/錯誤(system),電視連續劇,爸爸去哪兒 第二季,3,4,3,2014-10-16
影片連結失效/錯誤(system),電視連續劇,爸爸我們去哪兒 第二季(韓),15,1,3,2014-10-16
影片連結失效/錯誤(system),電視連續劇,女人30情定水舞間,43,1,3,2014-10-16
影片連結失效/錯誤(system),電視連續劇,"信義(神醫) ",7,4,3,2014-10-16
影片連結失效/錯誤(system),電視連續劇,"我可能不會愛你 ",9,3,3,2014-10-16
影片連結失效/錯誤(system),電視連續劇,"奇皇后 ",33,1,3,2014-10-16
影片連結失效/錯誤(system),電視連續劇,阿信,4,1,3,2014-10-16
影片連結失效/錯誤(system),電視連續劇,終極X宿舍,1,1,3,2014-10-16
影片連結失效/錯誤(system),電視連續劇,"玻璃假面 ",14,1,3,2014-10-16
影片連結失效/錯誤(system),電視連續劇,上鎖的房間,1,1,3,2014-10-16
影片連結失效/錯誤(system),電視連續劇,急診男女,7,1,3,2014-10-16
影片連結失效/錯誤(system),電視連續劇,"仁顯王后的男人 ",16,1,3,2014-10-16
影片連結失效/錯誤(system),電視連續劇,EXO 90:2014,5,1,3,2014-10-16
影片連結失效/錯誤(system),電視連續劇,"漂亮男人(美男子) ",3,1,3,2014-10-16
影片連結失效/錯誤(system),電視連續劇,妹妹,6,3,3,2014-10-16
影片連結失效/錯誤(system),電視連續劇,"來自星星的你 ",8,1,3,2014-10-16
影片連結失效/錯誤(system),電視連續劇,艋舺的女人,52,1,3,2014-10-16
影片連結失效/錯誤(system),電視連續劇,你們被包圍了,15,1,3,2014-10-16
影片連結失效/錯誤(system),電視連續劇,Running Man,152,1,3,2014-10-16
影片連結失效/錯誤(system),電視連續劇,Running Man,1,2,3,2014-10-16
影片連結失效/錯誤(system),電視連續劇,16個夏天,9,1,3,2014-10-16
影片連結失效/錯誤(system),電視連續劇,天上人間,1,1,3,2014-10-16
影片連結失效/錯誤(system),電視連續劇,"天涯織女(神話織女) ",36,1,3,2014-10-16
影片連結失效/錯誤(system),電視連續劇,"來自星星的你 ",11,1,3,2014-10-16
影片連結失效/錯誤(system),電視連續劇,使徒行者,23,1,3,2014-10-16
影片連結失效/錯誤(system),電視連續劇,Roommate,18,1,3,2014-10-16
影片連結失效/錯誤(system),電視連續劇,"世間情 ",232,3,3,2014-10-16
影片連結失效/錯誤(system),電視連續劇,古劍奇譚,14,1,3,2014-10-16
影片連結失效/錯誤(system),電視連續劇,衛子夫,27,1,3,2014-10-16
影片連結失效/錯誤(system),電視連續劇,我的秘密飯店,1,1,3,2014-10-16
影片連結失效/錯誤(system),電視連續劇,16個夏天,2,4,3,2014-10-16
影片連結失效/錯誤(system),電視連續劇,生活啟示錄,35,1,3,2014-10-16
影片連結失效/錯誤(system),電視連續劇,載得有情人,4,1,3,2014-10-16
影片連結失效/錯誤(system),電視連續劇,新還珠格格,3,1,3,2014-10-16
影片連結失效/錯誤(system),電視連續劇,深圳合租記(一男三女合租記),32,1,3,2014-10-16
影片連結失效/錯誤(system),電視連續劇,爸爸去哪兒 第二季,8,1,3,2014-10-16
影片連結失效/錯誤(system),電視連續劇,金玉良緣,38,1,3,2014-10-16
影片連結失效/錯誤(system),電視連續劇,"真的漢子 ",17,1,3,2014-10-16
影片連結失效/錯誤(system),電視連續劇,喜歡一個人,9,1,3,2014-10-16
影片連結失效/錯誤(system),電視連續劇,百年新娘,1,1,3,2014-10-16
影片連結失效/錯誤(system),電視連續劇,"原來愛就是甜蜜 ",6,1,3,2014-10-16
影片連結失效/錯誤(system),電視連續劇,女人30情定水舞間,5,1,3,2014-10-16
影片連結失效/錯誤(system),電視連續劇,"49天(真心給我一滴淚) ",14,2,3,2014-10-16
影片連結失效/錯誤(system),電視連續劇,使徒行者,19,1,3,2014-10-16
影片連結失效/錯誤(system),電視連續劇,流氓蛋糕店,9,1,3,2014-10-16
影片連結失效/錯誤(system),電視連續劇,總理和我(預約愛情),11,1,3,2014-10-16
影片連結失效/錯誤(system),電視連續劇,"主君的太陽 ",9,1,3,2014-10-16
影片連結失效/錯誤(system),電視連續劇,時尚王,19,1,3,2014-10-16
影片連結失效/錯誤(system),電視連續劇,異鄉人醫生(愛在異鄉),15,1,3,2014-10-16
影片連結失效/錯誤(system),電視連續劇,"水滸傳(新版) ",1,1,3,2014-10-16
影片連結失效/錯誤(system),電視連續劇,"總理和我(總理戀愛中) ",10,1,3,2014-10-16
影片連結失效/錯誤(system),電視連續劇,"奇皇后 ",29,1,3,2014-10-16
影片連結失效/錯誤(system),電視連續劇,"宮鎖心玉 ",35,1,3,2014-10-16
影片連結失效/錯誤(system),電視連續劇,"第三醫院 ",7,1,3,2014-10-16
影片連結失效/錯誤(system),電視連續劇,"張玉貞，為愛而生 ",5,3,3,2014-10-16
影片連結失效/錯誤(system),電視連續劇,犀利仁師,16,1,3,2014-10-16
影片連結失效/錯誤(system),電視連續劇,Running Man,77,1,3,2014-10-16
影片連結失效/錯誤(system),電視連續劇,"辣媽正傳 ",20,1,3,2014-10-16
影片連結失效/錯誤(system),電視連續劇,Running Man,29,1,3,2014-10-16
影片連結失效/錯誤(system),電視連續劇,16個夏天,11,5,3,2014-10-16
影片連結失效/錯誤(system),電視連續劇,隋唐英雄3,1,1,3,2014-10-16
影片連結失效/錯誤(system),電視連續劇,命中注定我愛你,3,2,3,2014-10-16
影片連結失效/錯誤(system),電視連續劇,"奇皇后 ",2,1,3,2014-10-16
影片連結失效/錯誤(system),電視連續劇,"玻璃假面 ",33,1,3,2014-10-16
影片連結失效/錯誤(system),電視連續劇,"主君的太陽 ",4,1,3,2014-10-16
影片連結失效/錯誤(system),電視連續劇,后宫,9,1,3,2014-10-16
影片連結失效/錯誤(system),電視連續劇,16個夏天,7,1,3,2014-10-16
影片連結失效/錯誤(system),電視連續劇,"三次結婚的女人 ",40,1,3,2014-10-16
影片連結失效/錯誤(system),電視連續劇,不一樣的美男子,20,1,3,2014-10-16
影片連結失效/錯誤(system),電視連續劇,"仁顯王后的男人 ",1,2,3,2014-10-16
影片連結失效/錯誤(system),電視連續劇,你是我的命運,1,1,3,2014-10-16
影片連結失效/錯誤(system),電視連續劇,"善良的男人 ",14,3,3,2014-10-16
影片連結失效/錯誤(system),電視連續劇,再說一次我願意,8,4,3,2014-10-16
影片連結失效/錯誤(system),電視連續劇,"你為我著迷 ",15,5,3,2014-10-16
影片連結失效/錯誤(system),電視連續劇,寒山潛龍,3,1,3,2014-10-16
影片連結失效/錯誤(system),電視連續劇,我們結婚了世界版第二季,6,2,3,2014-10-16
影片連結失效/錯誤(system),電視連續劇,古劍奇譚,33,1,3,2014-10-16
影片連結失效/錯誤(system),電視連續劇,愛在高中,11,1,3,2014-10-16
影片連結失效/錯誤(system),電視連續劇,"一吻定情(2013東京版) ",10,1,3,2014-10-16
影片連結失效/錯誤(system),電視連續劇,孤獨的美食家,1,1,3,2014-10-16
影片連結失效/錯誤(system),電視連續劇,Jessica & Krystal,1,1,3,2014-10-16
影片連結失效/錯誤(system),電視連續劇,酒店之王,23,2,3,2014-10-16
影片連結失效/錯誤(system),電視連續劇,"信義(神醫) ",10,3,3,2014-10-16
影片連結失效/錯誤(system),電視連續劇,爸爸我們去哪兒 第二季(韓),11,1,3,2014-10-16
影片連結失效/錯誤(system),電視連續劇,戀愛的發現,13,1,3,2014-10-16
影片連結失效/錯誤(system),電視連續劇,黃金交叉,1,1,3,2014-10-16
影片連結失效/錯誤(system),電視連續劇,爸爸我們去哪兒 第二季(韓),35,1,3,2014-10-16
影片連結失效/錯誤(system),電視連續劇,超人回來了,1,2,3,2014-10-16
影片連結失效/錯誤(system),電視連續劇,我人生的春天,10,1,3,2014-10-16
影片連結失效/錯誤(system),電視連續劇,"彼岸島 ",3,1,3,2014-10-16
影片連結失效/錯誤(system),電視連續劇,超人回來了,2,1,3,2014-10-16
影片連結失效/錯誤(system),電視連續劇,密會,13,1,3,2014-10-16
影片連結失效/錯誤(system),電視連續劇,Roommate 2,1,1,3,2014-10-16
影片連結失效/錯誤(system),電視連續劇,時尚王,15,5,3,2014-10-16
影片連結失效/錯誤(system),電視連續劇,"豪傑春香 ",8,1,3,2014-10-16
影片連結失效/錯誤(system),電視連續劇,"奇皇后 ",31,1,3,2014-10-16
影片連結失效/錯誤(system),電視連續劇,"玻璃假面 ",2,1,3,2014-10-16
影片連結失效/錯誤(system),電視連續劇,妹妹,6,4,3,2014-10-16
影片連結失效/錯誤(system),電視連續劇,艋舺的女人,52,4,3,2014-10-16
影片連結失效/錯誤(system),電視連續劇,戀愛的發現,2,1,3,2014-10-16
影片連結失效/錯誤(system),電視連續劇,"愛情雨 ",4,4,3,2014-10-16
影片連結失效/錯誤(system),電視連續劇,16個夏天,13,6,3,2014-10-16
影片連結失效/錯誤(system),電視連續劇,16個夏天,10,2,3,2014-10-16
影片連結失效/錯誤(system),電視連續劇,妹妹,9,1,3,2014-10-16
影片連結失效/錯誤(system),電視連續劇,"推理要在晚餐後 ",2,1,3,2014-10-16
影片連結失效/錯誤(system),電視連續劇,Running Man,107,1,3,2014-10-16
影片連結失效/錯誤(system),電視連續劇,"新西廂記 ",1,1,3,2014-10-16
影片連結失效/錯誤(system),電視連續劇,愛上兩個我,11,1,3,2014-10-16
影片連結失效/錯誤(system),電視連續劇,"小資女孩向前衝 ",13,1,3,2014-10-16
影片連結失效/錯誤(system),電視連續劇,同窗生-人生談三次戀愛,3,1,3,2014-10-16
影片連結失效/錯誤(system),電視連續劇,"世間情 ",233,3,3,2014-10-16
影片連結失效/錯誤(system),電視連續劇,"笑傲江湖(2013) ",42,1,3,2014-10-16
影片連結失效/錯誤(system),電視連續劇,我人生的春天,6,2,3,2014-10-16
影片連結失效/錯誤(system),電視連續劇,妹妹,6,6,3,2014-10-16
影片連結失效/錯誤(system),電視連續劇,"女王的誕生 ",1,1,3,2014-10-16
影片連結失效/錯誤(system),電視連續劇,喜歡一個人,15,1,3,2014-10-16
影片連結失效/錯誤(system),電視連續劇,我們可以相愛嗎,1,1,3,2014-10-16
影片連結失效/錯誤(system),電視連續劇,孤獨的美食家,2,1,3,2014-10-16
影片連結失效/錯誤(system),電視連續劇,"秘密花園 ",12,2,3,2014-10-16
影片連結失效/錯誤(system),電視連續劇,加油愛人,26,1,3,2014-10-16
影片連結失效/錯誤(system),電視連續劇,怒火街頭2,3,1,3,2014-10-16
影片連結失效/錯誤(system),電視連續劇,"醜聞 ",27,3,3,2014-10-16
影片連結失效/錯誤(system),電視連續劇,"潛入偵探蜥蜴 ",2,1,3,2014-10-16
影片連結失效/錯誤(system),電視連續劇,"繼承者們 ",2,2,3,2014-10-16
影片連結失效/錯誤(system),電視連續劇,百年新娘,12,2,3,2014-10-16
影片連結失效/錯誤(system),電視連續劇,再說一次我願意,8,5,3,2014-10-16
影片連結失效/錯誤(system),電視連續劇,使徒行者,1,1,3,2014-10-16
影片連結失效/錯誤(system),電視連續劇,16個夏天,2,1,3,2014-10-16
影片連結失效/錯誤(system),電視連續劇,古劍奇譚,24,1,3,2014-10-16
影片連結失效/錯誤(system),電視連續劇,命中注定我愛你,5,2,3,2014-10-16
影片連結失效/錯誤(system),電視連續劇,巷弄裡的那家書店,5,2,3,2014-10-16
影片連結失效/錯誤(system),電視連續劇,妹妹,2,6,3,2014-10-16
影片連結失效/錯誤(system),電視連續劇,16個夏天,7,5,3,2014-10-16
影片連結失效/錯誤(system),電視連續劇,爸爸我們去哪兒 第二季(韓),16,1,3,2014-10-16
影片連結失效/錯誤(system),電視連續劇,"天使的誘惑 ",8,1,3,2014-10-16
影片連結失效/錯誤(system),電視連續劇,"第三醫院 ",16,1,3,2014-10-16
影片連結失效/錯誤(system),電視連續劇,妹妹,2,3,3,2014-10-16
影片連結失效/錯誤(system),電視連續劇,百年新娘,5,2,3,2014-10-16
影片連結失效/錯誤(system),電視連續劇,微時代,1,1,3,2014-10-16
影片連結失效/錯誤(system),電視連續劇,妹妹,4,3,3,2014-10-16
影片連結失效/錯誤(system),電視連續劇,命中注定我愛你,17,2,3,2014-10-16
影片連結失效/錯誤(system),電視連續劇,女人30情定水舞間,76,1,3,2014-10-16
影片連結失效/錯誤(system),電視連續劇,"繼承者們 ",4,1,3,2014-10-16
影片連結失效/錯誤(system),電視連續劇,"破案天才伽利略2(神探伽利略2) ",1,2,3,2014-10-16
影片連結失效/錯誤(system),電視連續劇,海派甜心,1,1,3,2014-10-16
影片連結失效/錯誤(system),電視連續劇,"真愛趁現在 ",10,1,3,2014-10-16
影片連結失效/錯誤(system),電視連續劇,"來自星星的你 ",21,1,3,2014-10-16
影片連結失效/錯誤(system),電視連續劇,我們可以相愛嗎,9,2,3,2014-10-16
影片連結失效/錯誤(system),電視連續劇,我的秘密飯店,3,1,3,2014-10-16
影片連結失效/錯誤(system),電視連續劇,16個夏天,9,5,3,2014-10-16
影片連結失效/錯誤(system),電視連續劇,我的秘密飯店,13,1,3,2014-10-16
影片連結失效/錯誤(system),電視連續劇,Running Man,186,2,3,2014-10-16
影片連結失效/錯誤(system),電視連續劇,"愛的生存之道 ",2,3,2,2014-10-16
影片連結失效/錯誤(system),電視連續劇,妹妹,8,2,2,2014-10-16
影片連結失效/錯誤(system),電視連續劇,"玻璃假面 ",30,1,2,2014-10-16
影片連結失效/錯誤(system),電視連續劇,"S.O.P女王(勝女的代價) ",2,3,2,2014-10-16
影片連結失效/錯誤(system),電視連續劇,我人生的春天,4,2,2,2014-10-16
影片連結失效/錯誤(system),電視連續劇,古劍奇譚,7,1,2,2014-10-16
影片連結失效/錯誤(system),電視連續劇,"玻璃假面 ",69,1,2,2014-10-16
影片連結失效/錯誤(system),電視連續劇,"黃色復仇草 ",90,1,2,2014-10-16
影片連結失效/錯誤(system),電視連續劇,SPEC,2,1,2,2014-10-16
影片連結失效/錯誤(system),電視連續劇,"玻璃假面 ",62,1,2,2014-10-16
影片連結失效/錯誤(system),電視連續劇,"玻璃假面 ",56,1,2,2014-10-16
影片連結失效/錯誤(system),電視連續劇,童話二分之一,2,1,2,2014-10-16
影片連結失效/錯誤(system),電視連續劇,"惡作劇2吻 ",40,2,2,2014-10-16
影片連結失效/錯誤(system),電視連續劇,"清潭洞111 ",6,1,2,2014-10-16
影片連結失效/錯誤(system),電視連續劇,"繼承者們 ",1,1,2,2014-10-16
影片連結失效/錯誤(system),電視連續劇,"奇皇后 ",12,1,2,2014-10-16
影片連結失效/錯誤(system),電視連續劇,"楊貴妃秘史 ",19,1,2,2014-10-16
影片連結失效/錯誤(system),電視連續劇,蔘生 (逆轉人生),16,1,2,2014-10-16
影片連結失效/錯誤(system),電視連續劇,愛在高中,10,1,2,2014-10-16
影片連結失效/錯誤(system),電視連續劇,"張玉貞，為愛而生 ",20,1,2,2014-10-16
影片連結失效/錯誤(system),電視連續劇,"屋塔房王世子(閣樓上的王子) ",18,2,2,2014-10-16
影片連結失效/錯誤(system),電視連續劇,深圳合租記(一男三女合租記),8,1,2,2014-10-16
影片連結失效/錯誤(system),電視連續劇,真是好時節,2,1,2,2014-10-16
影片連結失效/錯誤(system),電視連續劇,女人30情定水舞間,21,1,2,2014-10-16
影片連結失效/錯誤(system),電視連續劇,"飯糰之家 ",10,1,2,2014-10-16
影片連結失效/錯誤(system),電視連續劇,"玻璃假面 ",35,1,2,2014-10-16
影片連結失效/錯誤(system),電視連續劇,"仁醫 ",2,2,2,2014-10-16
影片連結失效/錯誤(system),電視連續劇,Running Man,138,1,2,2014-10-16
影片連結失效/錯誤(system),電視連續劇,"愛的生存之道 ",2,2,2,2014-10-16
影片連結失效/錯誤(system),電視連續劇,妻子的秘密,3,1,2,2014-10-16
影片連結失效/錯誤(system),電視連續劇,"鳳凰牡丹(美人關) ",40,1,2,2014-10-16
影片連結失效/錯誤(system),電視連續劇,"信義(神醫) ",7,5,2,2014-10-16
影片連結失效/錯誤(system),電視連續劇,"流星花園 ",24,3,2,2014-10-16
影片連結失效/錯誤(system),電視連續劇,"小資女孩向前衝 ",2,2,2,2014-10-16
影片連結失效/錯誤(system),電視連續劇,"美人龍湯 ",4,1,2,2014-10-16
影片連結失效/錯誤(system),電視連續劇,"亂世佳人 ",15,1,2,2014-10-16
影片連結失效/錯誤(system),電視連續劇,"奇皇后 ",21,1,2,2014-10-16
影片連結失效/錯誤(system),電視連續劇,"彼布利亞古書堂事件記事簿 ",7,1,2,2014-10-16
影片連結失效/錯誤(system),電視連續劇,天上女子,88,1,2,2014-10-16
影片連結失效/錯誤(system),電視連續劇,巡夜人日誌(更夫日誌),6,1,2,2014-10-16
影片連結失效/錯誤(system),電視連續劇,終極三國 第一季,11,1,2,2014-10-16
影片連結失效/錯誤(system),電視連續劇,"辣媽正傳 ",33,1,2,2014-10-16
影片連結失效/錯誤(system),電視連續劇,我們結婚了世界版第二季,7,1,2,2014-10-16
影片連結失效/錯誤(system),電視連續劇,"信義(神醫) ",23,1,2,2014-10-16
影片連結失效/錯誤(system),電視連續劇,"含笑食堂 ",1,1,2,2014-10-16
影片連結失效/錯誤(system),電視連續劇,急診男女,21,1,2,2014-10-16
影片連結失效/錯誤(system),電視連續劇,"第三醫院 ",8,1,2,2014-10-16
影片連結失效/錯誤(system),電視連續劇,"加油媽媽 ",78,1,2,2014-10-16
影片連結失效/錯誤(system),電視連續劇,異鄉人醫生(愛在異鄉),8,1,2,2014-10-16
影片連結失效/錯誤(system),電視連續劇,急診男女,14,1,2,2014-10-16
影片連結失效/錯誤(system),電視連續劇,"個人取向 ",4,2,2,2014-10-16
影片連結失效/錯誤(system),電視連續劇,一代梟雄,1,1,2,2014-10-16
影片連結失效/錯誤(system),電視連續劇,巡夜人日誌(更夫日誌),1,1,2,2014-10-16
影片連結失效/錯誤(system),電視連續劇,"隋唐演義(2013) ",53,1,2,2014-10-16
影片連結失效/錯誤(system),電視連續劇,你們被包圍了,1,1,2,2014-10-16
影片連結失效/錯誤(system),電視連續劇,"我的燦爛人生 ",1,1,2,2014-10-16
影片連結失效/錯誤(system),電視連續劇,"信義(神醫) ",9,3,2,2014-10-16
影片連結失效/錯誤(system),電視連續劇,"鄰家花美男 ",1,1,2,2014-10-16
影片連結失效/錯誤(system),電視連續劇,"美樂加油 ",1,7,2,2014-10-16
影片連結失效/錯誤(system),電視連續劇,艋舺的女人,51,2,2,2014-10-16
影片連結失效/錯誤(system),電視連續劇,"咱們結婚吧 ",6,1,2,2014-10-16
影片連結失效/錯誤(system),電視連續劇,"秘密花園 ",7,2,2,2014-10-16
影片連結失效/錯誤(system),電視連續劇,女人俱樂部,17,1,2,2014-10-16
影片連結失效/錯誤(system),電視連續劇,超人回來了,8,1,2,2014-10-16
影片連結失效/錯誤(system),電視連續劇,16個夏天,7,4,2,2014-10-16
影片連結失效/錯誤(system),電視連續劇,"一起用餐吧 ",12,1,2,2014-10-16
影片連結失效/錯誤(system),電視連續劇,"艋舺燿輝 ",14,3,2,2014-10-16
影片連結失效/錯誤(system),電視連續劇,天國的嫁衣,28,1,2,2014-10-16
影片連結失效/錯誤(system),電視連續劇,"荊棘花 ",1,1,2,2014-10-16
影片連結失效/錯誤(system),電視連續劇,急診男女,13,1,2,2014-10-16
影片連結失效/錯誤(system),電視連續劇,你們被包圍了,19,1,2,2014-10-16
影片連結失效/錯誤(system),電視連續劇,幸福兌換券,6,1,2,2014-10-16
影片連結失效/錯誤(system),電視連續劇,"旋風管家 ",2,2,2,2014-10-16
影片連結失效/錯誤(system),電視連續劇,"旋風管家 ",2,3,2,2014-10-16
影片連結失效/錯誤(system),電視連續劇,"Good Doctor ",5,2,2,2014-10-16
影片連結失效/錯誤(system),電視連續劇,艋舺的女人,31,1,2,2014-10-16
影片連結失效/錯誤(system),電視連續劇,晝顏 工作日下午3點的戀人們,11,1,2,2014-10-16
影片連結失效/錯誤(system),電視連續劇,"天堂秀 ",23,1,2,2014-10-16
影片連結失效/錯誤(system),電視連續劇,妹妹,7,4,2,2014-10-16
影片連結失效/錯誤(system),電視連續劇,"大秦帝國之縱橫 ",1,1,2,2014-10-16
影片連結失效/錯誤(system),電視連續劇,"加油媽媽 ",1,1,2,2014-10-16
影片連結失效/錯誤(system),電視連續劇,"辣媽正傳 ",8,1,2,2014-10-16
影片連結失效/錯誤(system),電視連續劇,"西施秘史 ",1,1,2,2014-10-16
影片連結失效/錯誤(system),電視連續劇,"城市獵人 ",8,2,2,2014-10-16
影片連結失效/錯誤(system),電視連續劇,"聽見你的聲音 ",3,1,2,2014-10-16
影片連結失效/錯誤(system),電視連續劇,心情好的日子,1,1,2,2014-10-16
影片連結失效/錯誤(system),電視連續劇,"艋舺燿輝 ",14,5,2,2014-10-16
影片連結失效/錯誤(system),電視連續劇,忠奸人,7,1,2,2014-10-16
影片連結失效/錯誤(system),電視連續劇,"聽見你的聲音 ",12,4,2,2014-10-16
影片連結失效/錯誤(system),電視連續劇,"世間情 ",230,2,2,2014-10-16
影片連結失效/錯誤(system),電視連續劇,誘惑,7,2,2,2014-10-16
影片連結失效/錯誤(system),電視連續劇,"信義(神醫) ",10,5,2,2014-10-16
影片連結失效/錯誤(system),電視連續劇,"全民公主(幸福的約定) ",2,1,2,2014-10-16
影片連結失效/錯誤(system),電視連續劇,時尚王,14,4,2,2014-10-16
影片連結失效/錯誤(system),電視連續劇,"勝女的代價 ",31,1,2,2014-10-16
影片連結失效/錯誤(system),電視連續劇,"繼承者們 ",6,1,2,2014-10-16
影片連結失效/錯誤(system),電視連續劇,半澤直樹(半沢直樹),1,3,2,2014-10-16
影片連結失效/錯誤(system),電視連續劇,"仁顯王后的男人 ",10,4,2,2014-10-16
影片連結失效/錯誤(system),電視連續劇,"玻璃假面 ",50,1,2,2014-10-16
影片連結失效/錯誤(system),電視連續劇,"擁抱太陽的月亮 ",10,3,2,2014-10-16
影片連結失效/錯誤(system),電視連續劇,"個人取向 ",16,2,2,2014-10-16
影片連結失效/錯誤(system),電視連續劇,"愛情雨 ",10,2,2,2014-10-16
影片連結失效/錯誤(system),電視連續劇,百年新娘,7,1,2,2014-10-16
影片連結失效/錯誤(system),電視連續劇,我人生的甘雨,49,1,2,2014-10-16
影片連結失效/錯誤(system),電視連續劇,First Class,5,1,2,2014-10-16
影片連結失效/錯誤(system),電視連續劇,16個夏天,6,5,2,2014-10-16
影片連結失效/錯誤(system),電視連續劇,生活啟示錄,22,1,2,2014-10-16
影片連結失效/錯誤(system),電視連續劇,東野圭吾推理系列,10,1,2,2014-10-16
影片連結失效/錯誤(system),電視連續劇,愛在高中,9,1,2,2014-10-16
影片連結失效/錯誤(system),電視連續劇,"真愛趁現在 ",32,4,2,2014-10-16
影片連結失效/錯誤(system),電視連續劇,"愛的生存之道 ",11,1,2,2014-10-16
影片連結失效/錯誤(system),電視連續劇,"時尚王 ",1,1,2,2014-10-16
影片連結失效/錯誤(system),電視連續劇,步步驚情,34,1,2,2014-10-16
影片連結失效/錯誤(system),電視連續劇,"那年冬天，風在吹 ",2,2,2,2014-10-16
影片連結失效/錯誤(system),電視連續劇,"奇皇后 ",30,2,2,2014-10-16
影片連結失效/錯誤(system),電視連續劇,"時尚王 ",9,5,2,2014-10-16
影片連結失效/錯誤(system),電視連續劇,妹妹,8,3,2,2014-10-16
影片連結失效/錯誤(system),電視連續劇,使徒行者,3,1,2,2014-10-16
影片連結失效/錯誤(system),電視連續劇,你們被包圍了,13,1,2,2014-10-16
影片連結失效/錯誤(system),電視連續劇,"拜託了機長 ",19,2,2,2014-10-16
影片連結失效/錯誤(system),電視連續劇,"奇皇后 ",18,2,2,2014-10-16
影片連結失效/錯誤(system),電視連續劇,忠奸人,13,1,2,2014-10-16
影片連結失效/錯誤(system),電視連續劇,時尚王,1,3,2,2014-10-16
影片連結失效/錯誤(system),電視連續劇,神的禮物 14天,8,2,2,2014-10-16
影片連結失效/錯誤(system),電視連續劇,命中注定我愛你,20,1,2,2014-10-16
影片連結失效/錯誤(system),電視連續劇,犀利仁師,45,1,2,2014-10-16
影片連結失效/錯誤(system),電視連續劇,"同伊 ",55,1,2,2014-10-16
影片連結失效/錯誤(system),電視連續劇,步步驚情 (搶鮮 TV 版),2,1,2,2014-10-16
影片連結失效/錯誤(system),電視連續劇,"金子 輕鬆出來吧 ",43,1,2,2014-10-16
影片連結失效/錯誤(system),電視連續劇,晝顏 工作日下午3點的戀人們,4,2,2,2014-10-16
影片連結失效/錯誤(system),電視連續劇,百年新娘,7,2,2,2014-10-16
影片連結失效/錯誤(system),電視連續劇,不要戀愛要結婚,16,2,2,2014-10-16
影片連結失效/錯誤(system),電視連續劇,"天天有喜 ",66,1,2,2014-10-16
影片連結失效/錯誤(system),電視連續劇,總理和我(預約愛情),16,2,2,2014-10-16
影片連結失效/錯誤(system),電視連續劇,"笑傲江湖(2013) ",26,1,2,2014-10-16
影片連結失效/錯誤(system),電視連續劇,HERO 2,1,2,2,2014-10-16
影片連結失效/錯誤(system),電視連續劇,時尚王,8,2,2,2014-10-16
影片連結失效/錯誤(system),電視連續劇,"百年的遺產 ",34,3,2,2014-10-16
影片連結失效/錯誤(system),電視連續劇,"牽手 ",158,1,2,2014-10-16
影片連結失效/錯誤(system),電視連續劇,"信義(神醫) ",20,6,2,2014-10-16
影片連結失效/錯誤(system),電視連續劇,超人回來了,33,2,2,2014-10-16
影片連結失效/錯誤(system),電視連續劇,Roommate 2,2,1,2,2014-10-16
影片連結失效/錯誤(system),電視連續劇,"亂世佳人 ",1,1,2,2014-10-16
影片連結失效/錯誤(system),電視連續劇,"奇皇后 ",46,2,2,2014-10-16
影片連結失效/錯誤(system),電視連續劇,"武則天祕史 ",5,1,2,2014-10-16
影片連結失效/錯誤(system),電視連續劇,幸福兌換券,1,3,2,2014-10-16
影片連結失效/錯誤(system),電視連續劇,尋秦記,5,1,2,2014-10-16
影片連結失效/錯誤(system),電視連續劇,"我可能不會愛你 ",5,2,2,2014-10-16
影片連結失效/錯誤(system),電視連續劇,"原來是美男(台灣版) ",13,5,2,2014-10-16
影片連結失效/錯誤(system),電視連續劇,Roommate,3,2,2,2014-10-16
影片連結失效/錯誤(system),電視連續劇,"愛情雨 ",4,6,2,2014-10-16
